# Arbre extrait de « Stylized Nature Pack Vol.1 » (voir docs/modeles3d.md)
v 5.838879108 7.574148654 -8.12458801
v 5.150661945 2.495399713 -7.99148417
v 5.911232948 7.566986560 -8.05403709
v 5.057518005 2.504618644 -8.08230495
v 5.825942993 7.575428485 -8.23256111
v 6.160594940 11.67073726 -8.14440441
v 6.150404930 11.67174720 -8.22947121
v 5.258497238 2.484725713 -7.89927101
v 4.923998832 0.309156626 -7.90209579
v 5.077231884 0.293989628 -7.77105999
v 5.994999885 7.558695793 -7.98240519
v 6.217599868 11.66509723 -8.08882141
v 6.906734943 17.44528770 -8.2092104
v 6.905519008 17.44540786 -8.21936703
v 6.183670997 11.66845798 -8.30965424
v 6.909490108 17.44501686 -8.22894001
v 5.040866851 2.506266593 -8.22130203
v 5.868165969 7.571249485 -8.33433723
v 4.791643142 0.322257608 -8.03115177
v 4.747828006 -0.14876038 -7.7818079
v 4.962446212 -0.17000338 -7.59828091
v 5.242129802 0.277667611 -7.712008
v 5.193401813 -0.19286337 -7.51557207
v 5.374542236 2.473239660 -7.85771322
v 6.085144996 7.549773693 -7.95012188
v 6.283596038 11.65855789 -8.03238678
v 6.913540840 17.44460678 -8.20257568
v 6.921420097 17.44382667 -8.19583702
v 6.922895908 17.44368743 -8.20718384
v 6.921290874 17.44384765 -8.21949768
v 6.913540840 17.44460678 -8.23672676
v 6.922961235 17.44367790 -8.23127937
v 6.217599868 11.66509723 -8.37487221
v 5.095221996 2.500886678 -8.35231972
v 5.911232948 7.566986560 -8.41711521
v 4.767982006 0.324599623 -8.22866535
v 4.562450885 -0.13041139 -7.96256399
v 5.002651214 -0.1739834 -7.9073472
v 5.193401813 -0.19286337 -7.85966682
v 5.448949813 -0.21815839 -7.58605909
v 5.545599937 -0.22772437 -7.9483242
v 5.424586772 0.259608626 -7.76233482
v 5.502943038 2.460530519 -7.89312887
v 6.184885978 7.539900779 -7.97763395
v 6.354615211 11.65153789 -8.00695229
v 6.929899215 17.44299697 -8.19280148
v 6.929899215 17.44299697 -8.20543385
v 6.929899215 17.44299697 -8.21949768
v 6.921504974 17.44382667 -8.24185562
v 6.929899215 17.44299697 -8.23248482
v 6.284307003 11.65848732 -8.41783333
v 5.150661945 2.495399713 -8.45888329
v 5.995903015 7.558606624 -8.47164536
v 4.845219135 0.316954612 -8.4148407
v 4.529311180 -0.12713137 -8.23920059
v 4.958926200 -0.16965538 -8.24275112
v 5.193401813 -0.19286337 -8.24275112
v 5.622614860 -0.23534739 -8.24275112
v 5.796773910 -0.25258636 -7.9765172
v 5.872415065 -0.26007336 -8.24275112
v 5.667470932 -0.2397874 -7.78868008
v 5.580606937 0.244165614 -7.90700102
v 5.612739086 2.449662685 -7.99493694
v 6.270177841 7.531458854 -8.05671883
v 6.433197021 11.64375782 -8.02862835
v 6.939280986 17.4420681 -8.19538784
v 6.942829132 17.44171714 -8.20868874
v 6.945655822 17.44143676 -8.21949768
v 6.942715168 17.44172668 -8.23024464
v 6.929899215 17.44299697 -8.24319363
v 6.354615211 11.65153789 -8.42904091
v 5.259658813 2.484610557 -8.52908039
v 6.085144996 7.549773693 -8.48587227
v 4.923998832 0.309156626 -8.56626606
v 4.637488842 -0.13783938 -8.49995804
v 5.004416942 -0.17415839 -8.56368446
v 5.193401813 -0.19286337 -8.59650612
v 5.542490959 -0.22741738 -8.53547668
v 5.807846069 -0.25368237 -8.4982996
v 5.672926902 0.235027611 -8.04111481
v 5.726933002 0.229681611 -8.23120022
v 5.677708149 2.443231582 -8.08931637
v 6.320645809 7.526462554 -8.13003254
v 6.500392913 11.63710784 -8.09093475
v 6.947303772 17.44126701 -8.20282745
v 6.952051162 17.44079780 -8.20972347
v 6.954827785 17.44052696 -8.21949768
v 6.952456951 17.44075775 -8.22887993
v 6.939264774 17.4420681 -8.24245167
v 6.433065891 11.64376735 -8.42282295
v 6.184720993 7.539916515 -8.47797871
v 5.374542236 2.473239660 -8.54739571
v 5.078884124 0.293826609 -8.66601658
v 4.747828006 -0.14876038 -8.71204281
v 4.964757919 -0.17023239 -8.85175228
v 5.193401813 -0.19286337 -8.88820267
v 5.448523998 -0.21811637 -8.86797905
v 5.666694164 -0.23971039 -8.73737812
v 5.680830955 0.234244614 -8.41365719
v 5.715713977 2.439469575 -8.22308636
v 6.350169181 7.523540496 -8.2339468
v 6.540153980 11.63316726 -8.14869499
v 6.563414096 11.63086795 -8.23056316
v 6.543559074 11.63282775 -8.30914497
v 6.500154018 11.63712787 -8.38266277
v 6.947275161 17.44127845 -8.23765659
v 6.269875049 7.531488418 -8.42700386
v 5.502727985 2.460551500 -8.53723335
v 5.242129802 0.277667611 -8.6920414
v 5.424283027 0.259638607 -8.67760181
v 5.580051899 0.244220614 -8.5843544
v 5.683269977 2.442681551 -8.35148716
v 6.324966907 7.526035785 -8.33368969
v 5.612349033 2.449700593 -8.47161293
v 4.040449142 7.100090503 -7.61922979
v 2.954341888 6.459716796 -8.18404102
v 2.930464029 6.507082462 -7.62584686
v 3.961384058 7.289595603 -8.17785263
v 5.165866851 7.419207572 -6.92744303
v 4.099193096 6.955622673 -6.93373585
v 5.070874214 7.647081852 -7.61309004
v 2.901406049 6.590707778 -8.86087608
v 4.051819801 7.090687751 -8.85408974
v 5.045462131 7.713139534 -8.17148781
v 6.177826881 7.581337451 -6.92164898
v 6.017578125 7.959366798 -7.60756683
v 6.005844116 7.993946552 -8.16590977
v 5.093050956 7.612813472 -8.84790421
v 4.113050937 6.957178592 -9.3978548
v 6.028948783 7.949968814 -8.84242725
v 5.179725170 7.420762538 -9.39156246
v 6.090179920 7.816454410 -9.38619232
v 5.256433010 6.733717441 -10.0773497
v 5.806087017 6.315064430 -11.2737303
v 5.245463848 6.321407795 -11.2663202
v 5.795057773 6.976577758 -10.1489401
v 4.605321884 6.819899559 -8.88756084
v 4.587140083 6.528349399 -10.01336
v 5.266869068 7.113018512 -8.97415447
v 6.468029022 6.505580425 -11.3337603
v 6.487637996 6.820019722 -10.1195803
v 5.816956996 7.225997448 -9.01229763
v 4.642530918 6.823028564 -7.86335897
v 5.290132999 7.274119854 -7.99063921
v 5.843144893 7.353985786 -8.02025223
v 6.500381946 7.173159599 -9.00965023
v 7.042040824 6.721937656 -10.1031399
v 6.521337032 7.360416412 -8.03287125
v 7.060222148 7.013487815 -8.9773407
v 7.075739860 7.262338638 -8.01642513
v 7.000860214 5.836634635 -6.15754795
v 6.402465820 4.862742424 -5.05024099
v 7.047726154 4.870863437 -5.0774622
v 6.387756824 6.06488657 -5.95255184
v 7.710182189 6.453818798 -7.40922022
v 7.765347003 5.644423484 -6.34301805
v 6.957017898 6.729262828 -7.16115189
v 5.646028995 5.040897846 -4.87585878
v 5.586534023 5.913835525 -6.02576494
v 6.327156066 6.834320545 -7.04881001
v 7.631388187 6.911602497 -8.49456596
v 6.898609161 7.336887836 -8.13380432
v 6.264472961 7.410534381 -8.04508495
v 5.539317131 6.781651496 -7.04803085
v 4.945910930 5.818751812 -6.06480217
v 5.484282970 7.414085388 -8.00202084
v 4.890746116 6.628146648 -7.13100481
v 4.843659877 7.319002628 -8.04105759
v 8.221917152 6.449893474 -8.29347229
v 9.048473358 5.583113670 -7.32455206
v 9.268831253 5.518672466 -7.90463495
v 8.218764305 6.860666751 -7.64262819
v 7.304114818 6.962953567 -9.46652985
v 8.353917121 6.225633621 -9.08022976
v 7.248598098 7.309163570 -8.65485668
v 8.868895530 5.664422512 -6.53959084
v 7.736678123 6.459627628 -6.9562192
v 7.132239818 7.539432525 -8.04089165
v 6.193890094 7.250796794 -9.86602783
v 6.276062011 7.816549778 -9.0094986
v 6.130842208 8.000801086 -8.40493584
v 6.740558147 7.282540798 -7.3250308
v 7.404286861 6.274766445 -6.4057579
v 5.790822029 7.826283454 -7.67224407
v 6.354485988 7.012086391 -6.79205799
v 5.458432197 7.641421794 -7.12178278
v 4.828851223 8.355857849 -6.06767988
v 3.356776952 7.584512710 -5.73918104
v 3.795262098 7.596297740 -5.20974302
v 4.303808212 8.630599975 -6.49364185
v 6.430954933 8.725164413 -6.33952093
v 5.441082954 8.125235557 -5.50635386
v 5.788243770 9.056678772 -6.86441088
v 2.756520032 7.798122406 -6.29852486
v 3.824103117 8.445154190 -7.19710207
v 5.308313846 9.182090759 -7.34430313
v 7.361206054 8.954713821 -7.15269899
v 6.663623809 9.467857360 -7.61199284
v 6.195197105 9.555194854 -8.10563564
v 4.792582988 9.115899086 -8.00469494
v 3.428750991 8.328010559 -7.75116396
v 5.658875942 9.557153701 -8.74141598
v 4.418622970 8.927938461 -8.58433247
v 5.263525009 9.440010070 -9.29547787
v 8.613702774 6.928122520 -7.29122496
v 8.948888778 5.628135681 -5.87499905
v 9.513658523 5.660508632 -6.4292779
v 8.231685638 7.171406745 -6.58300495
v 8.24958992 7.807039737 -8.9584837
v 9.150586128 6.732077598 -8.10322094
v 7.777059078 8.100152969 -8.0922823
v 8.409777641 5.808143615 -5.08081198
v 7.438048839 6.967496395 -6.00321817
v 7.299794197 8.199766159 -7.464293
v 7.300351142 8.452766418 -9.84027958
v 6.943666935 8.920614242 -8.87649345
v 6.442119121 8.983602523 -8.26896
v 6.582220077 8.110586166 -6.82043505
v 6.820322990 6.834294796 -5.51987886
v 5.768013000 8.959989547 -7.58848619
v 5.919328212 7.909262657 -6.37514305
v 5.150287151 8.826787948 -7.10514688
v 8.033708572 7.797899723 -10.1558504
v 9.554567337 6.684840679 -10.0273504
v 9.276264190 6.660113811 -10.7394896
v 8.578573226 8.247280120 -9.52990055
v 6.251014232 8.492076873 -10.4231701
v 7.500188827 7.591747760 -10.9957104
v 6.878396034 8.847761154 -9.61366081
v 10.03886032 6.714810848 -9.16165161
v 8.691615104 7.685825824 -8.54416656
v 7.284331798 9.075819015 -8.94279194
v 4.921949863 8.841835022 -9.84950161
v 5.718307018 9.466710090 -9.09462643
v 6.088822841 9.638338089 -8.41230583
v 7.508319854 8.691102981 -7.99292994
v 8.835865020 7.404527664 -7.78709412
v 6.376213073 9.354627609 -7.48294401
v 7.586689949 8.304864883 -7.21455717
v 6.520462989 9.073329925 -6.72587109
v 4.052091121 7.610291481 -9.25273609
v 3.721719026 6.815150737 -10.7116699
v 3.206554889 6.798787593 -10.25665
v 4.444983959 7.906462669 -9.79172802
v 4.352875232 8.001410484 -7.66100788
v 3.524360895 7.350870609 -8.6224184
v 4.837550163 8.359359741 -8.32089233
v 4.248816013 7.057530403 -11.3299198
v 5.142374038 7.759141445 -10.2930298
v 5.294168949 8.509702682 -8.81612206
v 5.180613040 8.280769348 -6.75760794
v 5.587778091 8.816093444 -7.47071886
v 6.060645103 8.929254531 -7.95479202
v 5.940668106 8.478836059 -9.35237026
v 5.689459800 7.671896457 -10.7054596
v 6.678061008 8.964944839 -8.51101208
v 6.517973899 8.322433471 -9.74404716
v 7.225146770 8.877698898 -8.92343998
v 6.505434989 8.945987701 -6.12657118
v 5.540492057 7.794754505 -5.3433609
v 6.205564022 7.772430419 -5.17046785
v 5.819737911 9.190353393 -6.07459116
v 7.624942779 9.735944747 -7.07509995
v 7.339387893 8.728671073 -6.10670614
v 6.783728122 10.03145027 -7.01578188
v 4.718063831 7.998411655 -5.37404299
v 5.026034832 9.084760665 -6.4184618
v 6.108779907 10.16008949 -7.08100224
v 7.889013767 10.37676715 -8.12340069
v 7.034722805 10.81301784 -7.92153406
v 6.362515926 10.91215801 -8.01663494
v 5.306492805 10.14691734 -7.3312788
v 4.385571956 9.024633407 -6.66986418
v 5.555324077 10.95179748 -8.21342468
v 4.671125888 10.03190803 -7.63825798
v 4.914861202 10.89166736 -8.46482658
v 4.065360069 8.880544662 -7.90837002
v 2.867738008 8.139383316 -8.84978199
v 2.789390087 8.053716659 -8.17211342
v 3.988615989 9.238420486 -8.53974533
v 5.34141922 9.210092544 -6.8885088
v 4.101852893 8.542573928 -7.11619616
v 5.250315189 9.643918991 -7.66438198
v 2.839337110 8.459699630 -9.63425255
v 4.176217079 9.179620742 -9.38869095
v 5.254402160 9.859914779 -8.3198843
v 6.552369117 9.511432647 -6.73981524
v 6.362952232 10.11782074 -7.48634195
v 6.387647151 10.29764747 -8.14799595
v 5.377452850 9.914413452 -9.14956093
v 4.309755802 9.162706375 -10.0661097
v 6.473808765 10.41688728 -8.96666145
v 5.549322128 9.830223083 -9.83841896
v 6.607347011 10.39997768 -9.6440773
v 6.575599193 9.308997154 -10.9469204
v 7.844507217 8.220869064 -11.8268604
v 7.193043232 8.233083725 -12.2276602
v 7.396383762 9.731060028 -10.7499399
v 5.005751133 9.982099533 -10.0447798
v 5.639907836 9.142644882 -11.30653
v 6.00106287 10.30136776 -9.75695038
v 8.752948761 8.208857536 -11.4275303
v 8.069005966 9.114217758 -10.06674
v 6.733601093 10.49709796 -9.45373821
v 4.297513008 10.27040767 -8.76685143
v 5.400159835 10.86496734 -8.60822487
v 6.110198020 11.00298786 -8.27792835
v 7.476696968 10.06100654 -8.85537148
v 8.634430885 8.791231155 -9.56766796
v 6.893568038 10.67018795 -7.72804308
v 8.000273704 9.630693435 -8.30592537
v 7.458992004 10.34720802 -7.22897196
v 8.746228218 8.281774520 -9.06750488
v 9.840627670 6.906639576 -8.21938515
v 9.958211898 6.983274459 -8.9988327
v 8.872710228 8.474723815 -8.25912952
v 7.469151973 9.251060485 -10.1231499
v 8.681789398 8.145244598 -10.0489397
v 7.619531154 9.482509613 -9.13152695
v 9.892242431 7.028175830 -7.25173807
v 8.584404945 8.220799446 -7.33177185
v 7.618811130 9.534954071 -8.33822823
v 6.193452835 9.929094314 -10.2150202
v 6.498548984 10.33143806 -9.20505333
v 6.465395927 10.34806728 -8.41559887
v 7.432087898 9.393238067 -7.39883089
v 8.37981987 8.046705246 -6.58292007
v 6.336725235 10.27045726 -7.46931982
v 7.167182922 9.152513504 -6.65712881
v 6.132141113 10.09636879 -6.72046804
v 6.537848949 11.22907733 -6.39760113
v 5.829191207 10.64438724 -5.6106658
v 6.306914806 10.63650798 -5.49775124
v 6.059382915 11.43550777 -6.40227509
v 7.339238166 11.52670764 -7.22535706
v 7.124843120 11.04956722 -6.35159302
v 6.751983165 11.77612781 -7.23325205
v 5.249631881 10.81186771 -5.66142082
v 5.480856895 11.32645797 -6.60378122
v 6.273902893 11.87907791 -7.29433823
v 7.522964954 11.73818779 -8.07788372
v 6.935238838 12.11346721 -8.01716328
v 6.457259178 12.19003772 -8.09263325
v 5.695068836 11.85265731 -7.45079422
v 5.015620231 11.26090717 -6.75372601
v 5.878246784 12.21083736 -8.22334385
v 5.230014801 11.7380476 -7.627491
v 5.413011074 12.14529800 -8.37328815
v 4.906562805 10.36502742 -7.8854661
v 4.227376937 9.624588012 -8.55911922
v 4.114150047 9.624818801 -8.08140373
v 4.881289959 10.54319763 -8.37452602
v 5.671219825 10.83405780 -7.10360622
v 4.886053085 10.21270561 -7.28941298
v 5.642961025 11.04920768 -7.70365286
v 4.254446029 9.766216278 -9.14710236
v 5.101253032 10.43635749 -8.94670773
v 5.689873218 11.13440799 -8.18680096
v 6.477962017 11.18850803 -6.93382502
v 6.361906051 11.51673793 -7.54106379
v 6.427219867 11.57823753 -8.02270412
v 5.852190017 11.10180759 -8.76370525
v 5.262661933 10.37033748 -9.40802574
v 6.556595802 11.58806800 -8.60230541
v 6.047830104 10.99170780 -9.22221947
v 6.718005180 11.52205753 -9.06362343
v 6.611784935 10.98786735 -10.1577902
v 7.517877101 10.21087074 -10.78613
v 7.052684783 10.21959495 -11.07234
v 7.197885036 11.28924751 -10.0171299
v 5.490799903 11.46851730 -9.51360512
v 5.943634033 10.86908721 -10.4145803
v 6.201525211 11.69649791 -9.30806828
v 8.166571617 10.20229530 -10.5009804
v 7.678186893 10.84878730 -9.5292778
v 6.724609851 11.83625793 -9.09155273
v 4.985067844 11.67438793 -8.60106945
v 5.772438049 12.09894752 -8.48779678
v 6.279456138 12.19749736 -8.25194073
v 7.255236148 11.52485752 -8.66427612
v 8.081942558 10.61814785 -9.17290592
v 6.838840007 11.95985794 -7.85928202
v 7.629108905 11.21758747 -8.27193165
v 7.242595195 11.72922802 -7.50291014
v 8.224331855 10.13719558 -8.83215523
v 9.005805015 9.155252456 -8.22654247
v 9.089767456 9.209976196 -8.7831192
v 8.314648628 10.27497768 -8.25492096
v 7.312415123 10.82932758 -9.58595753
v 8.178318977 10.03970718 -9.53296947
v 7.41979599 10.99459743 -8.87787247
v 9.042661666 9.242040634 -7.53557587
v 8.108778953 10.09364891 -7.59272623
v 7.419281005 11.03204727 -8.31140232
v 6.401482105 11.31348800 -9.65155506
v 6.619339942 11.60079765 -8.93037415
v 6.595666885 11.61266803 -8.36665058
v 7.285947799 10.93084716 -7.64061022
v 7.962691783 9.969337463 -7.05799484
v 6.503787040 11.55724716 -7.69094419
v 7.096787929 10.75895786 -7.1109848
v 6.357699871 11.43293762 -7.15621424
v 7.230467796 12.10247802 -6.84071016
v 6.974565982 11.57278728 -6.00095081
v 7.380743980 11.56597805 -6.09113121
v 6.865253925 12.27345752 -6.66048622
v 7.539718151 12.39136791 -7.75621986
v 7.693972110 11.95370769 -7.0284152
v 7.090639114 12.59795761 -7.53680897
v 6.514886856 11.71160793 -5.82004404
v 6.34852314 12.18363761 -6.60498714
v 6.704075813 12.68337726 -7.40351486
v 7.367663860 12.60305786 -8.46622276
v 6.944550991 12.91371727 -8.18973064
v 6.552546024 12.97731781 -8.06840134
v 6.20439291 12.66187763 -7.31053782
v 5.937623024 12.12971782 -6.55031919
v 6.062606811 12.99487781 -7.95400715
v 5.783369064 12.56738758 -7.27812481
v 5.651707172 12.94095802 -7.89934015
v 5.264777183 11.71923732 -7.49065304
v 4.485359191 11.09516716 -7.72372007
v 4.569552898 11.12023735 -7.31697416
v 5.074168205 11.85062789 -7.86681795
v 6.142505168 12.11460781 -7.18974304
v 5.459136962 11.61617755 -7.01757002
v 5.910673141 12.27275753 -7.65205812
v 4.298685073 11.18922805 -8.19234657
v 5.035699844 11.72677803 -8.37803555
v 5.775526046 12.32260799 -8.04416084
v 6.830716133 12.38575744 -7.36685419
v 6.531427860 12.64308738 -7.80978298
v 6.410420894 12.67214775 -8.20594978
v 5.692767143 12.26387786 -8.54265022
v 4.992900848 11.64465808 -8.78566074
v 6.302351951 12.65063762 -8.69716454
v 5.676269054 12.14308738 -8.95783329
v 6.259552002 12.56850719 -9.10479069
v 5.990314960 11.84478759 -9.73774147
v 6.412422180 11.03700733 -10.4280195
v 5.951097011 11.04892730 -10.4654999
v 6.492447853 12.06198787 -9.90186214
v 5.406506061 12.42666721 -8.90863514
v 5.385002136 11.77218723 -9.65682983
v 6.026187896 12.57995796 -9.06053352
v 7.011503219 11.00882720 -10.4609003
v 7.034697055 11.71469783 -9.6539669
v 6.507052898 12.67774772 -9.11958313
v 5.384624004 12.75939750 -8.0712328
v 6.030173778 13.05791759 -8.35092735
v 6.505617141 13.12526798 -8.38318825
v 7.066286087 12.42582798 -8.95559692
v 7.472496032 11.53226757 -9.50695896
v 7.074554920 12.92783737 -8.26715279
v 7.494000911 12.18675804 -8.75876331
v 7.512355804 12.74539756 -8.12014484
v 7.635640144 11.18618774 -9.40414333
v 8.447050094 10.33915805 -9.26606464
v 8.30656147 10.40649795 -9.71937847
v 7.918373107 11.28256797 -8.99226379
v 6.667655944 11.79213714 -9.61772537
v 7.341536998 11.12880802 -9.92510128
v 7.011847019 11.90716743 -9.11135769
v 8.730446815 10.38775730 -8.74963379
v 8.003662109 11.10316753 -8.41812801
v 7.220445156 11.91821765 -8.6778841
v 5.952211856 12.19691753 -9.31451416
v 6.386572837 12.41570758 -8.83440971
v 6.576269149 12.40500736 -8.39543056
v 7.364937782 11.80695724 -8.12099266
v 8.088103294 10.97717762 -7.9611249
v 6.754594802 12.33268737 -7.84839392
v 7.414223194 11.64050769 -7.65374994
v 6.839035987 12.20669746 -7.3913908
v 7.698298931 13.34445762 -7.50584412
v 7.887795925 12.85705757 -6.84757805
v 8.121509552 12.86497783 -7.07320213
v 7.543343067 13.48478794 -7.22166014
v 7.496709823 13.61796760 -8.25533962
v 7.917795181 13.22737789 -7.83286381
v 7.304946899 13.78724765 -7.90769815
v 7.667191028 12.96536731 -6.52756119
v 7.213048934 13.38662719 -6.98320293
v 7.108943939 13.85031795 -7.65403605
v 7.059638023 13.80516719 -8.67368507
v 6.917799949 14.06842804 -8.28892136
v 6.711331844 14.11179733 -8.04303932
v 6.811429023 13.81384754 -7.39120483
v 6.956264972 13.32423782 -6.78494501
v 6.432548999 14.11060714 -7.76628017
v 6.535181045 13.71482753 -7.20741987
v 6.175765991 14.04821777 -7.56802082
v 5.835649013 12.95132732 -7.29553986
v 5.098546028 12.60797786 -7.29464006
v 5.250112056 12.60361766 -7.00426388
v 5.633016109 13.12341785 -7.53350782
v 6.626874923 13.06384754 -7.27311802
v 6.065361976 12.80251789 -6.98396015
v 6.379179954 13.27172756 -7.56624508
v 4.874240875 12.74666786 -7.60487413
v 5.479835987 13.02851772 -7.91673279
v 6.203162193 13.35639762 -7.83152723
v 7.156507015 13.12154769 -7.57160378
v 6.876439094 13.43572807 -7.83150816
v 6.707207202 13.49811744 -8.103755
v 6.028728008 13.33130741 -8.1929388
v 5.350977897 12.97091770 -8.21901226
v 6.520626068 13.51291751 -8.45270061
v 5.912490844 13.23225784 -8.50817013
v 6.391767978 13.45531749 -8.75498009
v 5.471504211 13.48204803 -9.12245464
v 5.397307872 13.00141716 -9.91969109
v 5.073753833 13.00444793 -9.75894356
v 5.760293960 13.73647785 -9.40401554
v 5.473906993 13.72141742 -8.19989491
v 5.092452049 13.37232780 -8.83404541
v 5.840717792 13.92179775 -8.53084469
v 5.782791137 13.01009750 -10.1885595
v 6.194192886 13.38658714 -9.5046196
v 6.147626876 14.04203796 -8.74944115
v 5.833775997 13.76552772 -7.53949213
v 6.178549766 14.12910747 -7.94702721
v 6.490077972 14.21513748 -8.14957047
v 6.567058086 13.79931736 -8.90032768
v 6.531549930 13.20392799 -9.60699463
v 6.901239872 14.03364753 -8.32919216
v 6.913005828 13.55301761 -8.97284412
v 7.238595962 13.85098743 -8.43156719
v 6.895730018 12.56833744 -9.61502075
v 7.501781940 11.85257720 -9.93502522
v 7.224967956 11.92609787 -10.1760302
v 7.264023780 12.64655780 -9.46613312
v 6.139138221 13.06902790 -9.27832508
v 6.477722168 12.52878761 -9.83203793
v 6.589358806 13.16200733 -9.09374332
v 7.910020828 11.88415718 -9.71620941
v 7.544856071 12.46679782 -9.11902618
v 6.909974098 13.16113758 -8.89684677
v 5.759939193 13.38050746 -8.71487904
v 6.268148899 13.56968784 -8.58868885
v 6.576610088 13.54864788 -8.37955189
v 7.228879928 13.04453754 -8.58807945
v 7.780857086 12.33919715 -8.85021591
v 6.917273998 13.46813774 -8.09269428
v 7.442272186 12.87942791 -8.29650307
v 7.153275013 13.34052753 -7.82388401
v 6.763689041 14.33071804 -9.22684097
v 7.249956131 13.69011783 -9.47171497
v 6.979956150 13.72193718 -9.64969826
v 7.098533153 14.42041778 -9.16127968
v 6.152688980 14.78604793 -8.91612339
v 6.376825809 14.26582717 -9.34913826
v 6.562385082 14.89371776 -8.83341312
v 7.628753185 13.74820804 -9.34542561
v 7.387019157 14.30926799 -8.87841702
v 6.863432884 14.92007732 -8.70925903
v 5.897440910 15.11024761 -8.43567371
v 6.348239898 15.29494762 -8.42422771
v 6.640673160 15.30516719 -8.28513622
v 7.178906917 14.85950756 -8.47318554
v 7.626204013 14.23343753 -8.66352463
v 6.971570968 15.27349758 -8.07580376
v 7.402066230 14.75365734 -8.23050976
v 7.210754871 15.19767761 -7.86091185
v 7.607301235 13.79587745 -7.72554779
v 7.865664005 13.55330753 -6.99368811
v 8.035594940 13.42957782 -7.24493217
v 7.550819873 14.06176757 -7.49442101
v 7.280405998 13.81030750 -8.45502186
v 7.718835830 13.52243804 -8.01671696
v 7.208818912 14.13381767 -8.17093658
v 7.749950885 13.81631755 -6.7051959
v 7.277101039 14.12679767 -7.17790985
v 7.093210220 14.3256073 -7.92932415
v 6.794319152 13.91585731 -8.80929661
v 6.794651031 14.32947731 -8.53796387
v 6.663966178 14.50237751 -8.29367924
v 6.866710186 14.44980716 -7.62118721
v 7.069674968 14.19493770 -6.92567015
v 6.464449882 14.66038799 -7.99032688
v 6.631246089 14.48281765 -7.36397409
v 6.257024765 14.72852802 -7.73808718
v 5.873267173 14.12149715 -7.25307798
v 5.086017131 13.62040805 -7.21780682
v 5.271086216 13.56183719 -6.91308308
v 5.569364070 14.42298793 -7.46320486
v 6.791952133 14.37430763 -7.27594614
v 6.190330982 13.94385719 -6.92625189
v 6.433043003 14.63749790 -7.56946182
v 4.788354873 13.70071792 -7.57264185
v 5.437205791 14.164958 -7.94978905
v 6.191074848 14.81237793 -7.82889223
v 7.422634124 14.50217723 -7.66769886
v 6.988397121 14.9193573 -7.90124989
v 6.762217998 15.06195735 -8.1732502
v 6.009456157 14.65545749 -8.27610207
v 5.310005188 14.05142784 -8.30837631
v 6.552334785 14.96281719 -8.59796047
v 5.911624908 14.48188781 -8.65807056
v 6.425135135 14.84929752 -8.95654869
v 5.069317817 13.82362747 -8.18814373
v 4.543234825 13.21940803 -8.77138424
v 4.381212234 13.27658748 -8.43882847
v 5.137973785 13.93563747 -8.5711174
v 5.622332096 14.19472789 -7.48604393
v 4.950313091 13.74909782 -7.73683977
v 5.708459854 14.32882785 -7.95510101
v 4.665335178 13.28467750 -9.21452045
v 5.390110969 13.76527786 -8.94403458
v 5.825777053 14.35265731 -8.31179714
v 6.287993907 14.40826797 -7.2222662
v 6.314935207 14.64961719 -7.72328186
v 6.444659233 14.65096759 -8.07327938
v 6.039053916 14.25270748 -8.70569897
v 5.582425117 13.64717769 -9.24949646
v 6.635727882 14.59125804 -8.47917271
v 6.254443168 14.09279727 -8.99870014
v 6.828042030 14.47315788 -8.78463459
v 7.364940166 15.53058719 -8.53906345
v 7.690591812 15.06975746 -8.31091213
v 7.682951927 15.07088756 -8.5460453
v 7.470314025 15.61147785 -8.32090473
v 6.941511154 15.85818767 -8.80049229
v 7.271965980 15.46181774 -8.81314754
v 7.068899154 15.95582771 -8.53238678
v 7.777584075 15.13361740 -8.03944778
v 7.421185016 15.56109714 -8.02579975
v 7.123335838 15.99396801 -8.30538082
v 6.563083171 16.11561775 -8.77295494
v 6.752426147 16.26525878 -8.51560879
v 6.793875217 16.29249763 -8.28634834
v 7.114885807 15.97772789 -8.01734066
v 7.392587184 15.52973747 -7.7904191
v 6.808672905 16.29576683 -8.00234509
v 7.062130928 15.92609787 -7.7777648
v 6.780074119 16.26441764 -7.76696396
v 7.133895874 14.94156742 -7.53225183
v 6.998576164 14.79784774 -6.97761917
v 7.199488163 14.70055770 -7.05772781
v 7.011397838 15.14213752 -7.42505312
v 7.224051952 14.91965770 -8.10359955
v 7.313424110 14.73380756 -7.65374899
v 7.072134971 15.16377735 -7.97256184
v 6.817451000 14.99790763 -6.8589859
v 6.721063137 15.19833755 -7.34415197
v 6.908770084 15.31052780 -7.87948179
v 7.070450782 14.97644805 -8.51427937
v 6.968241214 15.28603744 -8.36606789
v 6.794456005 15.41905784 -8.27658844
v 6.651071071 15.40971756 -7.78730488
v 6.496369838 15.25504779 -7.27608299
v 6.555408000 15.54281806 -8.17796803
v 6.406999111 15.44090747 -7.72593212
v 6.330715179 15.59952735 -8.10989857
v 5.893709182 15.41673755 -8.24926662
v 5.446519851 15.16725730 -8.69074154
v 5.363221168 15.11106777 -8.4492321
v 5.897896766 15.66466808 -8.489501
v 6.367812156 15.47258758 -7.75100279
v 5.847130775 15.25898742 -7.93594885
v 6.386534214 15.69785785 -8.06387234
v 5.506186008 15.25229740 -9.0148201
v 6.067742824 15.48265743 -8.8153553
v 6.431952953 15.84584808 -8.30477047
v 6.890243053 15.46582794 -7.59439993
v 6.858815193 15.81264782 -7.90646076
v 6.914747238 15.93515777 -8.1475296
v 6.568871974 15.74363803 -8.63009357
v 6.187616825 15.40697765 -9.06543255
v 7.032847881 15.87856769 -8.47254944
v 6.708298206 15.62056732 -8.88048553
v 7.152721881 15.80287742 -8.72262764
v 5.727091789 15.18683719 -8.97237587
v 5.580378055 14.75434780 -9.52569962
v 5.359766006 14.87761783 -9.4278326
v 5.962619781 15.18526744 -9.14686871
v 5.778710842 15.47643756 -8.33650494
v 5.443553924 15.23404789 -8.78671265
v 6.067500114 15.47207737 -8.54915047
v 5.859609127 14.70174789 -9.70525169
v 6.221076965 14.96317768 -9.21970081
v 6.295254230 15.40708732 -8.68370724
v 6.050074100 15.56334781 -7.87667704
v 6.348319053 15.63612747 -8.13789654
v 6.574090957 15.55496788 -8.26227093
v 6.559918880 15.23564720 -8.78843117
v 6.430548191 14.79818725 -9.28680706
v 6.842304229 15.41246795 -8.38522053
v 6.765704155 15.04057788 -8.8366003
v 7.051774978 15.24747753 -8.45232773
v 7.456552028 16.24892807 -8.29852009
v 7.655351162 15.89367771 -8.15013218
v 7.685607910 15.92378807 -8.31207848
v 7.495613098 16.27723693 -8.12320518
v 7.196773052 16.51612854 -8.5010252
v 7.434399128 16.23592758 -8.50872803
v 7.243333816 16.54970741 -8.28610897
v 7.673813819 15.90364742 -7.94323111
v 7.417531967 16.20584869 -7.93492317
v 7.246267795 16.54756736 -8.11776066
v 6.925597190 16.69768714 -8.50763226
v 7.016100883 16.76829719 -8.28424072
v 7.009822845 16.75839805 -8.11767006
v 7.197039127 16.50048828 -7.92391491
v 7.362483978 16.15495681 -7.78204584
v 6.977081775 16.72521781 -7.92064381
v 7.124857902 16.43516731 -7.77434301
v 6.922032833 16.67432785 -7.76776791
v 6.884957790 15.77730751 -7.765481
v 6.643525123 15.68935775 -7.43439484
v 6.796953201 15.61906719 -7.42940521
v 6.776212215 15.92221736 -7.73402691
v 7.100386142 15.74673748 -8.11541271
v 7.035057067 15.62719726 -7.79052877
v 6.966020107 15.92311763 -8.07753181
v 6.493118763 15.83389759 -7.41145611
v 6.563574791 15.96282768 -7.76184511
v 6.833985805 16.02913665 -8.06507206
v 7.112088203 15.77518749 -8.42865181
v 7.006046772 15.99887752 -8.36766815
v 6.868075847 16.09497833 -8.3600502
v 6.639945983 16.10080719 -8.0777216
v 6.397592067 16.00378799 -7.78014803
v 6.684663772 16.18439865 -8.36403179
v 6.462919235 16.12332725 -8.10503101
v 6.518681049 16.22535705 -8.38233471
v 6.143033027 16.41024780 -8.24581909
v 5.815980911 16.31316757 -8.58533955
v 5.732250213 16.30349731 -8.41929436
v 6.213653087 16.56666755 -8.42175484
v 6.443748951 16.37281799 -7.85919523
v 6.058093071 16.32727813 -8.02364445
v 6.524074077 16.50745773 -8.08485317
v 5.895108223 16.34352684 -8.81230259
v 6.311039924 16.39263725 -8.63494301
v 6.601527214 16.58739852 -8.25563335
v 6.785851955 16.26699829 -7.70907688
v 6.857864856 16.49465751 -7.94100523
v 6.937059879 16.55509758 -8.11047173
v 6.693457126 16.47445678 -8.47293854
v 6.392213821 16.30473709 -8.8009634
v 7.025872230 16.47704696 -8.33012867
v 6.777871131 16.35028839 -8.63651466
v 7.107046127 16.38914680 -8.49615002
v 6.327637195 15.92274761 -9.14150047
v 6.380239009 15.59932804 -9.53327656
v 6.209146022 15.68846797 -9.53269768
v 6.530152797 15.91818714 -9.19161129
v 6.189183235 16.14625740 -8.7176609
v 6.090761184 15.95982742 -9.09842014
v 6.437125206 16.13895797 -8.77818108
v 6.612585067 15.55854797 -9.57337379
v 6.718735218 15.75961780 -9.16272354
v 6.623263835 16.09031677 -8.80247784
v 6.242208004 16.22198867 -8.34382439
v 6.510068893 16.26830673 -8.43574333
v 6.692031860 16.20842742 -8.45345879
v 6.824923992 15.96695804 -8.79420567
v 6.873865127 15.64157772 -9.14501953
v 6.901165962 16.10518646 -8.45696735
v 6.972288131 15.82800769 -8.76426125
v 7.056296825 15.98713779 -8.43926525
v 6.635687828 17.01806831 -8.75305271
v 6.746015071 16.70305824 -9.02936268
v 6.587553978 16.75428772 -9.04711437
v 6.812533855 17.03758812 -8.79055882
v 6.463401794 17.23923683 -8.43479919
v 6.425467014 17.02042770 -8.72757721
v 6.680098056 17.26179695 -8.47973347
v 6.952682018 16.69724845 -9.05179787
v 6.993596077 16.93324852 -8.73603439
v 6.847362041 17.24444770 -8.48843861
v 6.477653980 17.35625839 -8.13041401
v 6.706002235 17.42365837 -8.21037579
v 6.870823860 17.39690780 -8.21173859
v 7.036076068 17.16954803 -8.45691299
v 7.141225814 16.85723686 -8.69835854
v 7.063910961 17.33883667 -8.19335747
v 7.179162025 17.07606697 -8.40557957
v 7.211542129 17.26283836 -8.15568066
v 7.407584190 16.23955726 -8.4062748
v 7.730782032 16.06957626 -8.2006197
v 7.727182865 16.03474807 -8.36578274
v 7.454391002 16.35324668 -8.2695322
v 7.054139137 16.29052734 -8.61188126
v 7.366209030 16.12934875 -8.58468628
v 7.110727787 16.42850685 -8.44347668
v 7.769507885 16.17451858 -8.02305603
v 7.432938098 16.34834671 -8.05238533
v 7.135015010 16.50109672 -8.29192162
v 6.745168209 16.35034751 -8.60706806
v 6.829146862 16.53830719 -8.4566803
v 6.847692966 16.60042762 -8.30134869
v 7.131546974 16.52901840 -8.08660412
v 7.420508861 16.35320854 -7.88096285
v 6.854502201 16.64710807 -8.10279083
v 7.108438968 16.51439666 -7.90815687
v 6.842072963 16.65196800 -7.93136787
v 6.877478122 16.68090820 -7.7800951
v 6.596162796 16.36192703 -7.66395903
v 6.751054763 16.32021713 -7.60596609
v 6.694321155 16.80309677 -7.73312902
v 7.220635891 16.90512847 -7.96565723
v 7.093124866 16.60001754 -7.7659831
v 6.995036125 17.01435852 -7.94281101
v 6.383516788 16.40593719 -7.70970583
v 6.521039009 16.73499679 -7.92505693
v 6.826611042 17.09460830 -7.95054817
v 7.357340812 17.08617782 -8.23958206
v 7.113824844 17.24643707 -8.1502018
v 6.949153900 17.31598854 -8.17188454
v 6.641563892 17.06000709 -8.09879112
v 6.379450798 16.71485710 -8.04624176
v 6.757386207 17.30053710 -8.29516315
v 6.506961822 17.01996803 -8.24591541
v 6.615798950 17.28039741 -8.41634846
v 6.211400032 16.17592620 -7.71404314
v 5.848794937 15.82499790 -7.79295588
v 5.887591838 15.85127735 -7.60580921
v 6.109465122 16.22985839 -7.88795805
v 6.636252880 16.41139793 -7.60083008
v 6.313024044 16.13958740 -7.49565697
v 6.512395858 16.47598838 -7.81455708
v 5.751560211 15.85693740 -8.00924015
v 6.100163936 16.15008735 -8.12267113
v 6.443367958 16.48810768 -7.99536705
v 6.974400997 16.56432724 -7.70364714
v 6.810520172 16.67974853 -7.90898609
v 6.749880790 16.68121719 -8.09155464
v 6.407787799 16.44172668 -8.22457314
v 6.085643768 16.09491729 -8.30991173
v 6.699284076 16.65391731 -8.3176136
v 6.408874034 16.36672782 -8.41508484
v 6.684763908 16.59872818 -8.50485516
v 7.007997989 17.18498802 -8.48358345
v 7.143478870 16.95941734 -8.52465439
v 7.083580017 16.98597717 -8.6040411
v 7.104828834 17.19336700 -8.42841816
v 6.819358825 17.35949707 -8.43979454
v 6.902887821 17.18769836 -8.56030464
v 6.937473774 17.36908721 -8.37160206
v 7.245448112 16.95501709 -8.44770813
v 7.155362129 17.14029693 -8.31773758
v 7.015057086 17.35924720 -8.30381393
v 6.711647987 17.47166824 -8.31305122
v 6.853175163 17.50341796 -8.2602129
v 6.925850868 17.48894691 -8.18920517
v 7.080961227 17.32072830 -8.20321369
v 7.200110912 17.10152816 -8.23144817
v 7.000537872 17.45872688 -8.09436703
v 7.116582870 17.27331733 -8.11093807
v 7.045287132 17.41994667 -8.00807858
v 7.196447849 16.77496719 -8.11475372
v 7.245831966 16.68526840 -7.87839222
v 7.314988136 16.65678787 -7.95032978
v 7.159833908 16.85131835 -8.0398922
v 7.131733894 16.79119682 -8.35907173
v 7.25349617 16.69905853 -8.20555115
v 7.086143970 16.88395690 -8.26724529
v 7.187901973 16.75784683 -7.78888321
v 7.056581020 16.85721778 -7.9544549
v 7.032569885 16.93535804 -8.19390678
v 6.995718002 16.82262802 -8.49299145
v 6.970757007 16.94573783 -8.39931107
v 6.912857055 16.99076843 -8.32636166
v 6.942861080 16.96118736 -8.10725307
v 6.977190971 16.86730766 -7.8854351
v 6.830889225 17.02798843 -8.23901272
v 6.855430126 16.95943832 -8.03895569
v 6.751500129 17.03807830 -8.16999245
v 6.673233985 17.18376731 -7.97928381
v 6.425043106 17.02634811 -8.01293755
v 6.467635154 17.00429725 -7.90902185
v 6.588819980 17.28199768 -8.05703354
v 6.961822986 17.26218795 -7.93777084
v 6.755959987 17.12352752 -7.86309385
v 6.864370822 17.34925842 -8.0447464
v 6.349753856 17.05602836 -8.13793373
v 6.571777820 17.20557785 -8.21847153
v 6.801754951 17.40778732 -8.1361351
v 7.178774833 17.30542755 -8.02731133
v 7.054811000 17.44078826 -8.11770058
v 6.997752189 17.48919677 -8.21256542
v 6.767304897 17.36306762 -8.28668118
v 6.549924850 17.17357826 -8.33813381
v 6.953355789 17.46260833 -8.35688782
v 6.755787849 17.31224823 -8.41281033
v 6.931500911 17.43059730 -8.4765501
v 6.277449131 16.88959693 -8.43933105
v 6.135506153 16.71488761 -8.65812778
v 6.060766220 16.75289726 -8.57428837
v 6.340395927 16.90784835 -8.54957962
v 6.401003837 16.99439811 -8.17908955
v 6.195800781 16.88813781 -8.31383896
v 6.478500843 17.01566696 -8.31388092
v 6.216705799 16.71355819 -8.78073883
v 6.438021183 16.82815742 -8.63541031
v 6.547595024 17.00459671 -8.4103651
v 6.587782859 17.02961731 -8.03803444
v 6.657804012 17.08655738 -8.18956566
v 6.728464126 17.06800842 -8.28254032
v 6.640310764 16.94832801 -8.50718784
v 6.515199184 16.77036666 -8.70736694
v 6.818376064 17.02511787 -8.38564491
v 6.720404148 16.87662696 -8.57261753
v 6.895554065 16.96732711 -8.45760155
v 4.489336967 5.385670661 -6.761415
v 3.425179958 4.644908428 -6.89378023
v 3.601852893 4.686379432 -6.39692593
v 4.195107936 5.552024841 -7.20974493
v 5.672426223 5.831519603 -6.54870892
v 4.806735992 5.258809566 -6.19308186
v 5.313632965 6.031559467 -7.09995604
v 3.117566108 4.759942531 -7.45733976
v 4.051218032 5.377612590 -7.84088707
v 5.080673217 6.089599609 -7.57357597
v 6.527245044 6.115431785 -6.90010023
v 6.093933105 6.447213649 -7.42058706
v 5.876593112 6.477636814 -7.90065384
v 4.887855052 6.001686573 -8.18452072
v 3.922414064 5.260560512 -8.34293365
v 5.655814170 6.439155578 -8.50005817
v 4.788104057 5.833269596 -8.69856071
v 5.527009010 6.322103500 -9.00210476
v 7.199124813 5.709951400 -9.13942337
v 8.241356849 5.308481693 -8.95837498
v 8.101303100 5.282093524 -9.39490128
v 7.398291111 5.932793617 -8.75438499
v 6.118630886 5.834700584 -9.37554646
v 6.976663112 5.509526729 -9.63117695
v 6.361907959 6.104301452 -8.90192223
v 8.458106994 5.496713638 -8.47028446
v 7.532713890 5.847414493 -8.19458485
v 6.530264854 6.224755764 -8.49004936
v 5.327974796 5.918540477 -9.10658455
v 5.608724117 6.312675476 -8.66559982
v 5.769227027 6.407025814 -8.24688435
v 6.689291000 6.221143722 -7.95167923
v 7.647387981 5.800680637 -7.75022984
v 5.942311763 6.450138568 -7.72076178
v 6.789354801 6.125853538 -7.49459887
v 6.056984901 6.403404712 -7.27640676
v 5.040855884 6.235347747 -9.56897163
v 5.184391021 5.608653545 -10.50002
v 4.745493888 5.688950538 -10.3914404
v 5.468936920 6.341763496 -9.77633953
v 4.789205074 6.612830638 -8.55262756
v 4.511404991 6.174199581 -9.35120487
v 5.314848899 6.739724636 -8.80518246
v 5.707703113 5.659841537 -10.7101803
v 6.007312774 6.132907390 -9.84890556
v 5.748567104 6.748829841 -8.96106052
v 5.036983966 6.803114414 -7.77359295
v 5.555771827 7.048369407 -8.08877277
v 5.990928173 7.032663822 -8.23152447
v 6.282440185 6.617684841 -9.07474613
v 6.438976764 5.985805511 -9.91827106
v 6.522227764 6.945929527 -8.36870766
v 6.716776847 6.424436569 -9.11969376
v 6.953893184 6.798827648 -8.4380722
v 6.529178142 5.855252742 -6.38664198
v 5.921409130 5.272546768 -5.44703007
v 6.423604011 5.187925815 -5.40599203
v 6.043731212 6.239455699 -6.26824999
v 7.254174232 6.129272460 -7.41803312
v 7.162383079 5.619615554 -6.45070696
v 6.626865863 6.470399379 -7.29782915
v 5.269991874 5.389057636 -5.40949011
v 5.368989944 5.938724517 -6.45275497
v 6.132690906 6.698465824 -7.2625289
v 7.316009044 6.268890380 -8.40089226
v 6.699316978 6.799924850 -8.1796236
v 6.202916145 6.988181591 -8.16550922
v 5.464920043 6.522423744 -7.38067722
v 4.848740100 5.811881542 -6.56895304
v 5.539128780 6.883396625 -8.24573612
v 4.940530777 6.321538448 -7.53627777
v 5.018878936 6.756554603 -8.36193371
v 4.266686916 4.582561492 -8.13313103
v 3.774873018 4.007710456 -8.72492313
v 3.603460073 4.068126678 -8.38006783
v 4.356794834 4.674774646 -8.5263052
v 4.770396232 4.947573661 -7.42196989
v 4.125837802 4.526164531 -7.66852713
v 4.882616043 5.057713508 -7.90358877
v 3.917948961 4.055884361 -9.18129539
v 4.613109111 4.510375499 -8.91538239
v 5.015099048 5.070378780 -8.27157974
v 5.400723934 5.156766414 -7.16387796
v 5.461403846 5.363660812 -7.67612696
v 5.604691982 5.356044769 -8.03769779
v 5.237572193 4.969505786 -8.68076706
v 4.810123920 4.395217418 -9.23360062
v 5.807826042 5.291474819 -8.45837784
v 5.454681873 4.816625595 -8.98704433
v 6.004840850 5.176316738 -8.77659702
v 6.965990066 4.750899791 -7.94010115
v 7.395433902 4.488554477 -7.275249
v 7.554031848 4.443192482 -7.57073307
v 6.869294166 4.939223766 -7.6499052
v 6.539927005 4.806190490 -8.63881207
v 7.107706069 4.572941780 -8.29825592
v 6.420009136 5.034489631 -8.28251934
v 7.252458095 4.657233715 -6.92134714
v 6.640103817 4.908793449 -7.28863907
v 6.291049957 5.148302555 -7.9895668
v 5.994265079 4.864312648 -8.92427826
v 5.913586139 5.183236599 -8.57133675
v 5.776401996 5.278053760 -8.27768135
v 6.087625026 5.177374839 -7.63050222
v 6.462732791 4.900272846 -6.99875879
v 5.587700843 5.341129779 -7.91987514
v 5.894955158 5.133521556 -7.33931398
v 5.410328865 5.332609653 -7.62999392
v 6.165337085 5.220160484 -9.33442688
v 6.717586994 4.714124679 -9.70078564
v 6.436985969 4.769059658 -9.88180161
v 6.496813774 5.297000408 -9.21932602
v 5.507008075 5.545153617 -8.96869087
v 5.777410030 5.174874782 -9.50022507
v 5.912848949 5.636841774 -8.82610226
v 7.098121166 4.752354621 -9.5338316
v 6.806490898 5.151701450 -8.96056843
v 6.217811107 5.645002841 -8.67664814
v 5.226041793 5.731269836 -8.45000744
v 5.664134025 5.906489849 -8.34920406
v 5.962336063 5.897140502 -8.19099045
v 6.548663139 5.554549694 -8.44532585
v 7.061155796 5.049576759 -8.75987244
v 6.305288791 5.838031768 -7.97534609
v 6.790753841 5.419855594 -8.22833729
v 6.559954166 5.735905647 -7.7746501
v 5.203041076 5.086836814 -6.87923193
v 4.381464004 4.694396495 -6.69078684
v 4.615251064 4.645527839 -6.39970493
v 4.900138855 5.364546775 -7.0957818
v 6.126396179 5.250267505 -7.03632212
v 5.556224823 4.924414634 -6.56455994
v 5.748875141 5.493269443 -7.32474899
v 4.030333995 4.767497539 -7.02239084
v 4.645267009 5.118932724 -7.53118896
v 5.481995105 5.651712417 -7.58014393
v 6.681213855 5.302753448 -7.51248217
v 6.259879112 5.690820694 -7.75366402
v 6.002183914 5.818853378 -8.01896191
v 5.198357105 5.501343727 -7.98452997
v 4.43729496 5.008090496 -7.8591032
v 5.702105999 5.722915649 -8.40562057
v 5.007466793 5.333943843 -8.33086491
v 5.494132995 5.612074852 -8.73353481
vt 0.187145993 0.468379020
vt 0.187145993 0.518733024
vt 0.187145993 0.518733024
vt 0.187145993 0.468379020
vt 0.187145993 0.412320017
vt 0.187145993 0.468379020
vt 0.187145993 0.412320017
vt 0.139385998 0.518733024
vt 0.187145993 0.518733024
vt 0.139385998 0.518733024
vt 0.139385998 0.518733024
vt 0.187145993 0.518733024
vt 0.187145993 0.468379020
vt 0.187145993 0.412320017
vt 0.187145993 0.352941036
vt 0.187145993 0.352941036
vt 0.187145993 0.412320017
vt 0.187145993 0.352941036
vt 0.187145993 0.468379020
vt 0.187145993 0.518733024
vt 0.139385998 0.518733024
vt 0.114786997 0.518733024
vt 0.114786997 0.518733024
vt 0.114786997 0.518733024
vt 0.114786997 0.518733024
vt 0.139385998 0.518733024
vt 0.187145993 0.518733024
vt 0.139385998 0.518733024
vt 0.139385998 0.468379020
vt 0.139385998 0.412320017
vt 0.187145993 0.303979039
vt 0.139385998 0.352941036
vt 0.187145993 0.303979039
vt 0.187145993 0.352941036
vt 0.187145993 0.303979039
vt 0.187145993 0.412320017
vt 0.187145993 0.468379020
vt 0.139385998 0.468379020
vt 0.114786997 0.468379020
vt 0.068825997 0.518733024
vt 0.068825997 0.468379020
vt 0.068825997 0.518733024
vt 0.068825997 0.518733024
vt 0.068825997 0.518733024
vt 0.114786997 0.518733024
vt 0.114786997 0.518733024
vt 0.114786997 0.468379020
vt 0.114786997 0.412320017
vt 0.139385998 0.303979039
vt 0.114786997 0.352941036
vt 0.139385998 0.303979039
vt 0.187145993 0.303979039
vt 0.139385998 0.303979039
vt 0.187145993 0.352941036
vt 0.187145993 0.412320017
vt 0.139385998 0.412320017
vt 0.114786997 0.412320017
vt 0.068825997 0.412320017
vt 0.042077001 0.468379020
vt 0.042077001 0.412320017
vt 0.042077001 0.518733024
vt 0.042077001 0.518733024
vt 0.042077001 0.518733024
vt 0.042077001 0.518733024
vt 0.068825997 0.518733024
vt 0.068825997 0.518733024
vt 0.068825997 0.468379020
vt 0.068825997 0.412320017
vt 0.068825997 0.352941036
vt 0.114786997 0.303979039
vt 0.114786997 0.303979039
vt 0.139385998 0.303979039
vt 0.114786997 0.303979039
vt 0.187145993 0.303979039
vt 0.187145993 0.352941036
vt 0.139385998 0.352941036
vt 0.114786997 0.352941036
vt 0.068825997 0.352941036
vt 0.042077001 0.352941036
vt 0.042077001 0.468379020
vt 0.042077001 0.412320017
vt 0.042077001 0.468379020
vt 0.042077001 0.468379020
vt 0.042077001 0.518733024
vt 0.042077001 0.518733024
vt 0.042077001 0.468379020
vt 0.042077001 0.412320017
vt 0.042077001 0.352941036
vt 0.068825997 0.303979039
vt 0.068825997 0.303979039
vt 0.068825997 0.303979039
vt 0.114786997 0.303979039
vt 0.139385998 0.303979039
vt 0.187145993 0.303979039
vt 0.139385998 0.303979039
vt 0.114786997 0.303979039
vt 0.068825997 0.303979039
vt 0.042077001 0.303979039
vt 0.042077001 0.352941036
vt 0.042077001 0.412320017
vt 0.042077001 0.412320017
vt 0.042077001 0.468379020
vt 0.042077001 0.412320017
vt 0.042077001 0.352941036
vt 0.042077001 0.303979039
vt 0.042077001 0.303979039
vt 0.042077001 0.303979039
vt 0.068825997 0.303979039
vt 0.114786997 0.303979039
vt 0.068825997 0.303979039
vt 0.042077001 0.303979039
vt 0.042077001 0.352941036
vt 0.042077001 0.352941036
vt 0.042077001 0.303979039
vt 0.532190024 0.641411006
vt 0.660057008 0.940301001
vt 0.532190024 0.940301001
vt 0.660057008 0.641411006
vt 0.363754987 0.364277005
vt 0.363754987 0.641411006
vt 0.532190024 0.364277005
vt 0.817354023 0.940301001
vt 0.817354023 0.641411006
vt 0.660057008 0.364277005
vt 0.363754987 0.127730965
vt 0.532190024 0.127730965
vt 0.660057008 0.127730965
vt 0.817354023 0.364277005
vt 0.950900971 0.641411006
vt 0.817354023 0.127730965
vt 0.950900971 0.364277005
vt 0.950900971 0.127730965
vt 0.532190024 0.641411006
vt 0.660057008 0.940301001
vt 0.532190024 0.940301001
vt 0.660057008 0.641411006
vt 0.363754987 0.364277005
vt 0.363754987 0.641411006
vt 0.532190024 0.364277005
vt 0.817354023 0.940301001
vt 0.817354023 0.641411006
vt 0.660057008 0.364277005
vt 0.363754987 0.127730965
vt 0.532190024 0.127730965
vt 0.660057008 0.127730965
vt 0.817354023 0.364277005
vt 0.950900971 0.641411006
vt 0.817354023 0.127730965
vt 0.950900971 0.364277005
vt 0.950900971 0.127730965
vt 0.532190024 0.641411006
vt 0.660057008 0.940301001
vt 0.532190024 0.940301001
vt 0.660057008 0.641411006
vt 0.363754987 0.364277005
vt 0.363754987 0.641411006
vt 0.532190024 0.364277005
vt 0.817354023 0.940301001
vt 0.817354023 0.641411006
vt 0.660057008 0.364277005
vt 0.363754987 0.127730965
vt 0.532190024 0.127730965
vt 0.660057008 0.127730965
vt 0.817354023 0.364277005
vt 0.950900971 0.641411006
vt 0.817354023 0.127730965
vt 0.950900971 0.364277005
vt 0.950900971 0.127730965
vt 0.532190024 0.641411006
vt 0.660057008 0.940301001
vt 0.532190024 0.940301001
vt 0.660057008 0.641411006
vt 0.363754987 0.364277005
vt 0.363754987 0.641411006
vt 0.532190024 0.364277005
vt 0.817354023 0.940301001
vt 0.817354023 0.641411006
vt 0.660057008 0.364277005
vt 0.363754987 0.127730965
vt 0.532190024 0.127730965
vt 0.660057008 0.127730965
vt 0.817354023 0.364277005
vt 0.950900971 0.641411006
vt 0.817354023 0.127730965
vt 0.950900971 0.364277005
vt 0.950900971 0.127730965
vt 0.532190024 0.641411006
vt 0.660057008 0.940301001
vt 0.532190024 0.940301001
vt 0.660057008 0.641411006
vt 0.363754987 0.364277005
vt 0.363754987 0.641411006
vt 0.532190024 0.364277005
vt 0.817354023 0.940301001
vt 0.817354023 0.641411006
vt 0.660057008 0.364277005
vt 0.363754987 0.127730965
vt 0.532190024 0.127730965
vt 0.660057008 0.127730965
vt 0.817354023 0.364277005
vt 0.950900971 0.641411006
vt 0.817354023 0.127730965
vt 0.950900971 0.364277005
vt 0.950900971 0.127730965
vt 0.532190024 0.641411006
vt 0.660057008 0.940301001
vt 0.532190024 0.940301001
vt 0.660057008 0.641411006
vt 0.363754987 0.364277005
vt 0.363754987 0.641411006
vt 0.532190024 0.364277005
vt 0.817354023 0.940301001
vt 0.817354023 0.641411006
vt 0.660057008 0.364277005
vt 0.363754987 0.127730965
vt 0.532190024 0.127730965
vt 0.660057008 0.127730965
vt 0.817354023 0.364277005
vt 0.950900971 0.641411006
vt 0.817354023 0.127730965
vt 0.950900971 0.364277005
vt 0.950900971 0.127730965
vt 0.532190024 0.641411006
vt 0.660057008 0.940301001
vt 0.532190024 0.940301001
vt 0.660057008 0.641411006
vt 0.363754987 0.364277005
vt 0.363754987 0.641411006
vt 0.532190024 0.364277005
vt 0.817354023 0.940301001
vt 0.817354023 0.641411006
vt 0.660057008 0.364277005
vt 0.363754987 0.127730965
vt 0.532190024 0.127730965
vt 0.660057008 0.127730965
vt 0.817354023 0.364277005
vt 0.950900971 0.641411006
vt 0.817354023 0.127730965
vt 0.950900971 0.364277005
vt 0.950900971 0.127730965
vt 0.532190024 0.641411006
vt 0.660057008 0.940301001
vt 0.532190024 0.940301001
vt 0.660057008 0.641411006
vt 0.363754987 0.364277005
vt 0.363754987 0.641411006
vt 0.532190024 0.364277005
vt 0.817354023 0.940301001
vt 0.817354023 0.641411006
vt 0.660057008 0.364277005
vt 0.363754987 0.127730965
vt 0.532190024 0.127730965
vt 0.660057008 0.127730965
vt 0.817354023 0.364277005
vt 0.950900971 0.641411006
vt 0.817354023 0.127730965
vt 0.950900971 0.364277005
vt 0.950900971 0.127730965
vt 0.532190024 0.641411006
vt 0.660057008 0.940301001
vt 0.532190024 0.940301001
vt 0.660057008 0.641411006
vt 0.363754987 0.364277005
vt 0.363754987 0.641411006
vt 0.532190024 0.364277005
vt 0.817354023 0.940301001
vt 0.817354023 0.641411006
vt 0.660057008 0.364277005
vt 0.363754987 0.127730965
vt 0.532190024 0.127730965
vt 0.660057008 0.127730965
vt 0.817354023 0.364277005
vt 0.950900971 0.641411006
vt 0.817354023 0.127730965
vt 0.950900971 0.364277005
vt 0.950900971 0.127730965
vt 0.532190024 0.641411006
vt 0.660057008 0.940301001
vt 0.532190024 0.940301001
vt 0.660057008 0.641411006
vt 0.363754987 0.364277005
vt 0.363754987 0.641411006
vt 0.532190024 0.364277005
vt 0.817354023 0.940301001
vt 0.817354023 0.641411006
vt 0.660057008 0.364277005
vt 0.363754987 0.127730965
vt 0.532190024 0.127730965
vt 0.660057008 0.127730965
vt 0.817354023 0.364277005
vt 0.950900971 0.641411006
vt 0.817354023 0.127730965
vt 0.950900971 0.364277005
vt 0.950900971 0.127730965
vt 0.532190024 0.641411006
vt 0.660057008 0.940301001
vt 0.532190024 0.940301001
vt 0.660057008 0.641411006
vt 0.363754987 0.364277005
vt 0.363754987 0.641411006
vt 0.532190024 0.364277005
vt 0.817354023 0.940301001
vt 0.817354023 0.641411006
vt 0.660057008 0.364277005
vt 0.363754987 0.127730965
vt 0.532190024 0.127730965
vt 0.660057008 0.127730965
vt 0.817354023 0.364277005
vt 0.950900971 0.641411006
vt 0.817354023 0.127730965
vt 0.950900971 0.364277005
vt 0.950900971 0.127730965
vt 0.532190024 0.641411006
vt 0.660057008 0.940301001
vt 0.532190024 0.940301001
vt 0.660057008 0.641411006
vt 0.363754987 0.364277005
vt 0.363754987 0.641411006
vt 0.532190024 0.364277005
vt 0.817354023 0.940301001
vt 0.817354023 0.641411006
vt 0.660057008 0.364277005
vt 0.363754987 0.127730965
vt 0.532190024 0.127730965
vt 0.660057008 0.127730965
vt 0.817354023 0.364277005
vt 0.950900971 0.641411006
vt 0.817354023 0.127730965
vt 0.950900971 0.364277005
vt 0.950900971 0.127730965
vt 0.532190024 0.641411006
vt 0.660057008 0.940301001
vt 0.532190024 0.940301001
vt 0.660057008 0.641411006
vt 0.363754987 0.364277005
vt 0.363754987 0.641411006
vt 0.532190024 0.364277005
vt 0.817354023 0.940301001
vt 0.817354023 0.641411006
vt 0.660057008 0.364277005
vt 0.363754987 0.127730965
vt 0.532190024 0.127730965
vt 0.660057008 0.127730965
vt 0.817354023 0.364277005
vt 0.950900971 0.641411006
vt 0.817354023 0.127730965
vt 0.950900971 0.364277005
vt 0.950900971 0.127730965
vt 0.532190024 0.641411006
vt 0.660057008 0.940301001
vt 0.532190024 0.940301001
vt 0.660057008 0.641411006
vt 0.363754987 0.364277005
vt 0.363754987 0.641411006
vt 0.532190024 0.364277005
vt 0.817354023 0.940301001
vt 0.817354023 0.641411006
vt 0.660057008 0.364277005
vt 0.363754987 0.127730965
vt 0.532190024 0.127730965
vt 0.660057008 0.127730965
vt 0.817354023 0.364277005
vt 0.950900971 0.641411006
vt 0.817354023 0.127730965
vt 0.950900971 0.364277005
vt 0.950900971 0.127730965
vt 0.532190024 0.641411006
vt 0.660057008 0.940301001
vt 0.532190024 0.940301001
vt 0.660057008 0.641411006
vt 0.363754987 0.364277005
vt 0.363754987 0.641411006
vt 0.532190024 0.364277005
vt 0.817354023 0.940301001
vt 0.817354023 0.641411006
vt 0.660057008 0.364277005
vt 0.363754987 0.127730965
vt 0.532190024 0.127730965
vt 0.660057008 0.127730965
vt 0.817354023 0.364277005
vt 0.950900971 0.641411006
vt 0.817354023 0.127730965
vt 0.950900971 0.364277005
vt 0.950900971 0.127730965
vt 0.532190024 0.641411006
vt 0.660057008 0.940301001
vt 0.532190024 0.940301001
vt 0.660057008 0.641411006
vt 0.363754987 0.364277005
vt 0.363754987 0.641411006
vt 0.532190024 0.364277005
vt 0.817354023 0.940301001
vt 0.817354023 0.641411006
vt 0.660057008 0.364277005
vt 0.363754987 0.127730965
vt 0.532190024 0.127730965
vt 0.660057008 0.127730965
vt 0.817354023 0.364277005
vt 0.950900971 0.641411006
vt 0.817354023 0.127730965
vt 0.950900971 0.364277005
vt 0.950900971 0.127730965
vt 0.532190024 0.641411006
vt 0.660057008 0.940301001
vt 0.532190024 0.940301001
vt 0.660057008 0.641411006
vt 0.363754987 0.364277005
vt 0.363754987 0.641411006
vt 0.532190024 0.364277005
vt 0.817354023 0.940301001
vt 0.817354023 0.641411006
vt 0.660057008 0.364277005
vt 0.363754987 0.127730965
vt 0.532190024 0.127730965
vt 0.660057008 0.127730965
vt 0.817354023 0.364277005
vt 0.950900971 0.641411006
vt 0.817354023 0.127730965
vt 0.950900971 0.364277005
vt 0.950900971 0.127730965
vt 0.532190024 0.641411006
vt 0.660057008 0.940301001
vt 0.532190024 0.940301001
vt 0.660057008 0.641411006
vt 0.363754987 0.364277005
vt 0.363754987 0.641411006
vt 0.532190024 0.364277005
vt 0.817354023 0.940301001
vt 0.817354023 0.641411006
vt 0.660057008 0.364277005
vt 0.363754987 0.127730965
vt 0.532190024 0.127730965
vt 0.660057008 0.127730965
vt 0.817354023 0.364277005
vt 0.950900971 0.641411006
vt 0.817354023 0.127730965
vt 0.950900971 0.364277005
vt 0.950900971 0.127730965
vt 0.532190024 0.641411006
vt 0.660057008 0.940301001
vt 0.532190024 0.940301001
vt 0.660057008 0.641411006
vt 0.363754987 0.364277005
vt 0.363754987 0.641411006
vt 0.532190024 0.364277005
vt 0.817354023 0.940301001
vt 0.817354023 0.641411006
vt 0.660057008 0.364277005
vt 0.363754987 0.127730965
vt 0.532190024 0.127730965
vt 0.660057008 0.127730965
vt 0.817354023 0.364277005
vt 0.950900971 0.641411006
vt 0.817354023 0.127730965
vt 0.950900971 0.364277005
vt 0.950900971 0.127730965
vt 0.532190024 0.641411006
vt 0.660057008 0.940301001
vt 0.532190024 0.940301001
vt 0.660057008 0.641411006
vt 0.363754987 0.364277005
vt 0.363754987 0.641411006
vt 0.532190024 0.364277005
vt 0.817354023 0.940301001
vt 0.817354023 0.641411006
vt 0.660057008 0.364277005
vt 0.363754987 0.127730965
vt 0.532190024 0.127730965
vt 0.660057008 0.127730965
vt 0.817354023 0.364277005
vt 0.950900971 0.641411006
vt 0.817354023 0.127730965
vt 0.950900971 0.364277005
vt 0.950900971 0.127730965
vt 0.532190024 0.641411006
vt 0.660057008 0.940301001
vt 0.532190024 0.940301001
vt 0.660057008 0.641411006
vt 0.363754987 0.364277005
vt 0.363754987 0.641411006
vt 0.532190024 0.364277005
vt 0.817354023 0.940301001
vt 0.817354023 0.641411006
vt 0.660057008 0.364277005
vt 0.363754987 0.127730965
vt 0.532190024 0.127730965
vt 0.660057008 0.127730965
vt 0.817354023 0.364277005
vt 0.950900971 0.641411006
vt 0.817354023 0.127730965
vt 0.950900971 0.364277005
vt 0.950900971 0.127730965
vt 0.532190024 0.641411006
vt 0.660057008 0.940301001
vt 0.532190024 0.940301001
vt 0.660057008 0.641411006
vt 0.363754987 0.364277005
vt 0.363754987 0.641411006
vt 0.532190024 0.364277005
vt 0.817354023 0.940301001
vt 0.817354023 0.641411006
vt 0.660057008 0.364277005
vt 0.363754987 0.127730965
vt 0.532190024 0.127730965
vt 0.660057008 0.127730965
vt 0.817354023 0.364277005
vt 0.950900971 0.641411006
vt 0.817354023 0.127730965
vt 0.950900971 0.364277005
vt 0.950900971 0.127730965
vt 0.532190024 0.641411006
vt 0.660057008 0.940301001
vt 0.532190024 0.940301001
vt 0.660057008 0.641411006
vt 0.363754987 0.364277005
vt 0.363754987 0.641411006
vt 0.532190024 0.364277005
vt 0.817354023 0.940301001
vt 0.817354023 0.641411006
vt 0.660057008 0.364277005
vt 0.363754987 0.127730965
vt 0.532190024 0.127730965
vt 0.660057008 0.127730965
vt 0.817354023 0.364277005
vt 0.950900971 0.641411006
vt 0.817354023 0.127730965
vt 0.950900971 0.364277005
vt 0.950900971 0.127730965
vt 0.532190024 0.641411006
vt 0.660057008 0.940301001
vt 0.532190024 0.940301001
vt 0.660057008 0.641411006
vt 0.363754987 0.364277005
vt 0.363754987 0.641411006
vt 0.532190024 0.364277005
vt 0.817354023 0.940301001
vt 0.817354023 0.641411006
vt 0.660057008 0.364277005
vt 0.363754987 0.127730965
vt 0.532190024 0.127730965
vt 0.660057008 0.127730965
vt 0.817354023 0.364277005
vt 0.950900971 0.641411006
vt 0.817354023 0.127730965
vt 0.950900971 0.364277005
vt 0.950900971 0.127730965
vt 0.532190024 0.641411006
vt 0.660057008 0.940301001
vt 0.532190024 0.940301001
vt 0.660057008 0.641411006
vt 0.363754987 0.364277005
vt 0.363754987 0.641411006
vt 0.532190024 0.364277005
vt 0.817354023 0.940301001
vt 0.817354023 0.641411006
vt 0.660057008 0.364277005
vt 0.363754987 0.127730965
vt 0.532190024 0.127730965
vt 0.660057008 0.127730965
vt 0.817354023 0.364277005
vt 0.950900971 0.641411006
vt 0.817354023 0.127730965
vt 0.950900971 0.364277005
vt 0.950900971 0.127730965
vt 0.532190024 0.641411006
vt 0.660057008 0.940301001
vt 0.532190024 0.940301001
vt 0.660057008 0.641411006
vt 0.363754987 0.364277005
vt 0.363754987 0.641411006
vt 0.532190024 0.364277005
vt 0.817354023 0.940301001
vt 0.817354023 0.641411006
vt 0.660057008 0.364277005
vt 0.363754987 0.127730965
vt 0.532190024 0.127730965
vt 0.660057008 0.127730965
vt 0.817354023 0.364277005
vt 0.950900971 0.641411006
vt 0.817354023 0.127730965
vt 0.950900971 0.364277005
vt 0.950900971 0.127730965
vt 0.532190024 0.641411006
vt 0.660057008 0.940301001
vt 0.532190024 0.940301001
vt 0.660057008 0.641411006
vt 0.363754987 0.364277005
vt 0.363754987 0.641411006
vt 0.532190024 0.364277005
vt 0.817354023 0.940301001
vt 0.817354023 0.641411006
vt 0.660057008 0.364277005
vt 0.363754987 0.127730965
vt 0.532190024 0.127730965
vt 0.660057008 0.127730965
vt 0.817354023 0.364277005
vt 0.950900971 0.641411006
vt 0.817354023 0.127730965
vt 0.950900971 0.364277005
vt 0.950900971 0.127730965
vt 0.532190024 0.641411006
vt 0.660057008 0.940301001
vt 0.532190024 0.940301001
vt 0.660057008 0.641411006
vt 0.363754987 0.364277005
vt 0.363754987 0.641411006
vt 0.532190024 0.364277005
vt 0.817354023 0.940301001
vt 0.817354023 0.641411006
vt 0.660057008 0.364277005
vt 0.363754987 0.127730965
vt 0.532190024 0.127730965
vt 0.660057008 0.127730965
vt 0.817354023 0.364277005
vt 0.950900971 0.641411006
vt 0.817354023 0.127730965
vt 0.950900971 0.364277005
vt 0.950900971 0.127730965
vt 0.532190024 0.641411006
vt 0.660057008 0.940301001
vt 0.532190024 0.940301001
vt 0.660057008 0.641411006
vt 0.363754987 0.364277005
vt 0.363754987 0.641411006
vt 0.532190024 0.364277005
vt 0.817354023 0.940301001
vt 0.817354023 0.641411006
vt 0.660057008 0.364277005
vt 0.363754987 0.127730965
vt 0.532190024 0.127730965
vt 0.660057008 0.127730965
vt 0.817354023 0.364277005
vt 0.950900971 0.641411006
vt 0.817354023 0.127730965
vt 0.950900971 0.364277005
vt 0.950900971 0.127730965
vt 0.532190024 0.641411006
vt 0.660057008 0.940301001
vt 0.532190024 0.940301001
vt 0.660057008 0.641411006
vt 0.363754987 0.364277005
vt 0.363754987 0.641411006
vt 0.532190024 0.364277005
vt 0.817354023 0.940301001
vt 0.817354023 0.641411006
vt 0.660057008 0.364277005
vt 0.363754987 0.127730965
vt 0.532190024 0.127730965
vt 0.660057008 0.127730965
vt 0.817354023 0.364277005
vt 0.950900971 0.641411006
vt 0.817354023 0.127730965
vt 0.950900971 0.364277005
vt 0.950900971 0.127730965
vt 0.532190024 0.641411006
vt 0.660057008 0.940301001
vt 0.532190024 0.940301001
vt 0.660057008 0.641411006
vt 0.363754987 0.364277005
vt 0.363754987 0.641411006
vt 0.532190024 0.364277005
vt 0.817354023 0.940301001
vt 0.817354023 0.641411006
vt 0.660057008 0.364277005
vt 0.363754987 0.127730965
vt 0.532190024 0.127730965
vt 0.660057008 0.127730965
vt 0.817354023 0.364277005
vt 0.950900971 0.641411006
vt 0.817354023 0.127730965
vt 0.950900971 0.364277005
vt 0.950900971 0.127730965
vt 0.532190024 0.641411006
vt 0.660057008 0.940301001
vt 0.532190024 0.940301001
vt 0.660057008 0.641411006
vt 0.363754987 0.364277005
vt 0.363754987 0.641411006
vt 0.532190024 0.364277005
vt 0.817354023 0.940301001
vt 0.817354023 0.641411006
vt 0.660057008 0.364277005
vt 0.363754987 0.127730965
vt 0.532190024 0.127730965
vt 0.660057008 0.127730965
vt 0.817354023 0.364277005
vt 0.950900971 0.641411006
vt 0.817354023 0.127730965
vt 0.950900971 0.364277005
vt 0.950900971 0.127730965
vt 0.532190024 0.641411006
vt 0.660057008 0.940301001
vt 0.532190024 0.940301001
vt 0.660057008 0.641411006
vt 0.363754987 0.364277005
vt 0.363754987 0.641411006
vt 0.532190024 0.364277005
vt 0.817354023 0.940301001
vt 0.817354023 0.641411006
vt 0.660057008 0.364277005
vt 0.363754987 0.127730965
vt 0.532190024 0.127730965
vt 0.660057008 0.127730965
vt 0.817354023 0.364277005
vt 0.950900971 0.641411006
vt 0.817354023 0.127730965
vt 0.950900971 0.364277005
vt 0.950900971 0.127730965
vt 0.532190024 0.641411006
vt 0.660057008 0.940301001
vt 0.532190024 0.940301001
vt 0.660057008 0.641411006
vt 0.363754987 0.364277005
vt 0.363754987 0.641411006
vt 0.532190024 0.364277005
vt 0.817354023 0.940301001
vt 0.817354023 0.641411006
vt 0.660057008 0.364277005
vt 0.363754987 0.127730965
vt 0.532190024 0.127730965
vt 0.660057008 0.127730965
vt 0.817354023 0.364277005
vt 0.950900971 0.641411006
vt 0.817354023 0.127730965
vt 0.950900971 0.364277005
vt 0.950900971 0.127730965
vt 0.532190024 0.641411006
vt 0.660057008 0.940301001
vt 0.532190024 0.940301001
vt 0.660057008 0.641411006
vt 0.363754987 0.364277005
vt 0.363754987 0.641411006
vt 0.532190024 0.364277005
vt 0.817354023 0.940301001
vt 0.817354023 0.641411006
vt 0.660057008 0.364277005
vt 0.363754987 0.127730965
vt 0.532190024 0.127730965
vt 0.660057008 0.127730965
vt 0.817354023 0.364277005
vt 0.950900971 0.641411006
vt 0.817354023 0.127730965
vt 0.950900971 0.364277005
vt 0.950900971 0.127730965
vt 0.532190024 0.641411006
vt 0.660057008 0.940301001
vt 0.532190024 0.940301001
vt 0.660057008 0.641411006
vt 0.363754987 0.364277005
vt 0.363754987 0.641411006
vt 0.532190024 0.364277005
vt 0.817354023 0.940301001
vt 0.817354023 0.641411006
vt 0.660057008 0.364277005
vt 0.363754987 0.127730965
vt 0.532190024 0.127730965
vt 0.660057008 0.127730965
vt 0.817354023 0.364277005
vt 0.950900971 0.641411006
vt 0.817354023 0.127730965
vt 0.950900971 0.364277005
vt 0.950900971 0.127730965
vt 0.532190024 0.641411006
vt 0.660057008 0.940301001
vt 0.532190024 0.940301001
vt 0.660057008 0.641411006
vt 0.363754987 0.364277005
vt 0.363754987 0.641411006
vt 0.532190024 0.364277005
vt 0.817354023 0.940301001
vt 0.817354023 0.641411006
vt 0.660057008 0.364277005
vt 0.363754987 0.127730965
vt 0.532190024 0.127730965
vt 0.660057008 0.127730965
vt 0.817354023 0.364277005
vt 0.950900971 0.641411006
vt 0.817354023 0.127730965
vt 0.950900971 0.364277005
vt 0.950900971 0.127730965
vt 0.532190024 0.641411006
vt 0.660057008 0.940301001
vt 0.532190024 0.940301001
vt 0.660057008 0.641411006
vt 0.363754987 0.364277005
vt 0.363754987 0.641411006
vt 0.532190024 0.364277005
vt 0.817354023 0.940301001
vt 0.817354023 0.641411006
vt 0.660057008 0.364277005
vt 0.363754987 0.127730965
vt 0.532190024 0.127730965
vt 0.660057008 0.127730965
vt 0.817354023 0.364277005
vt 0.950900971 0.641411006
vt 0.817354023 0.127730965
vt 0.950900971 0.364277005
vt 0.950900971 0.127730965
vt 0.532190024 0.641411006
vt 0.660057008 0.940301001
vt 0.532190024 0.940301001
vt 0.660057008 0.641411006
vt 0.363754987 0.364277005
vt 0.363754987 0.641411006
vt 0.532190024 0.364277005
vt 0.817354023 0.940301001
vt 0.817354023 0.641411006
vt 0.660057008 0.364277005
vt 0.363754987 0.127730965
vt 0.532190024 0.127730965
vt 0.660057008 0.127730965
vt 0.817354023 0.364277005
vt 0.950900971 0.641411006
vt 0.817354023 0.127730965
vt 0.950900971 0.364277005
vt 0.950900971 0.127730965
vt 0.532190024 0.641411006
vt 0.660057008 0.940301001
vt 0.532190024 0.940301001
vt 0.660057008 0.641411006
vt 0.363754987 0.364277005
vt 0.363754987 0.641411006
vt 0.532190024 0.364277005
vt 0.817354023 0.940301001
vt 0.817354023 0.641411006
vt 0.660057008 0.364277005
vt 0.363754987 0.127730965
vt 0.532190024 0.127730965
vt 0.660057008 0.127730965
vt 0.817354023 0.364277005
vt 0.950900971 0.641411006
vt 0.817354023 0.127730965
vt 0.950900971 0.364277005
vt 0.950900971 0.127730965
vt 0.532190024 0.641411006
vt 0.660057008 0.940301001
vt 0.532190024 0.940301001
vt 0.660057008 0.641411006
vt 0.363754987 0.364277005
vt 0.363754987 0.641411006
vt 0.532190024 0.364277005
vt 0.817354023 0.940301001
vt 0.817354023 0.641411006
vt 0.660057008 0.364277005
vt 0.363754987 0.127730965
vt 0.532190024 0.127730965
vt 0.660057008 0.127730965
vt 0.817354023 0.364277005
vt 0.950900971 0.641411006
vt 0.817354023 0.127730965
vt 0.950900971 0.364277005
vt 0.950900971 0.127730965
vt 0.532190024 0.641411006
vt 0.660057008 0.940301001
vt 0.532190024 0.940301001
vt 0.660057008 0.641411006
vt 0.363754987 0.364277005
vt 0.363754987 0.641411006
vt 0.532190024 0.364277005
vt 0.817354023 0.940301001
vt 0.817354023 0.641411006
vt 0.660057008 0.364277005
vt 0.363754987 0.127730965
vt 0.532190024 0.127730965
vt 0.660057008 0.127730965
vt 0.817354023 0.364277005
vt 0.950900971 0.641411006
vt 0.817354023 0.127730965
vt 0.950900971 0.364277005
vt 0.950900971 0.127730965
vt 0.532190024 0.641411006
vt 0.660057008 0.940301001
vt 0.532190024 0.940301001
vt 0.660057008 0.641411006
vt 0.363754987 0.364277005
vt 0.363754987 0.641411006
vt 0.532190024 0.364277005
vt 0.817354023 0.940301001
vt 0.817354023 0.641411006
vt 0.660057008 0.364277005
vt 0.363754987 0.127730965
vt 0.532190024 0.127730965
vt 0.660057008 0.127730965
vt 0.817354023 0.364277005
vt 0.950900971 0.641411006
vt 0.817354023 0.127730965
vt 0.950900971 0.364277005
vt 0.950900971 0.127730965
vt 0.532190024 0.641411006
vt 0.660057008 0.940301001
vt 0.532190024 0.940301001
vt 0.660057008 0.641411006
vt 0.363754987 0.364277005
vt 0.363754987 0.641411006
vt 0.532190024 0.364277005
vt 0.817354023 0.940301001
vt 0.817354023 0.641411006
vt 0.660057008 0.364277005
vt 0.363754987 0.127730965
vt 0.532190024 0.127730965
vt 0.660057008 0.127730965
vt 0.817354023 0.364277005
vt 0.950900971 0.641411006
vt 0.817354023 0.127730965
vt 0.950900971 0.364277005
vt 0.950900971 0.127730965
vt 0.532190024 0.641411006
vt 0.660057008 0.940301001
vt 0.532190024 0.940301001
vt 0.660057008 0.641411006
vt 0.363754987 0.364277005
vt 0.363754987 0.641411006
vt 0.532190024 0.364277005
vt 0.817354023 0.940301001
vt 0.817354023 0.641411006
vt 0.660057008 0.364277005
vt 0.363754987 0.127730965
vt 0.532190024 0.127730965
vt 0.660057008 0.127730965
vt 0.817354023 0.364277005
vt 0.950900971 0.641411006
vt 0.817354023 0.127730965
vt 0.950900971 0.364277005
vt 0.950900971 0.127730965
vt 0.532190024 0.641411006
vt 0.660057008 0.940301001
vt 0.532190024 0.940301001
vt 0.660057008 0.641411006
vt 0.363754987 0.364277005
vt 0.363754987 0.641411006
vt 0.532190024 0.364277005
vt 0.817354023 0.940301001
vt 0.817354023 0.641411006
vt 0.660057008 0.364277005
vt 0.363754987 0.127730965
vt 0.532190024 0.127730965
vt 0.660057008 0.127730965
vt 0.817354023 0.364277005
vt 0.950900971 0.641411006
vt 0.817354023 0.127730965
vt 0.950900971 0.364277005
vt 0.950900971 0.127730965
vt 0.532190024 0.641411006
vt 0.660057008 0.940301001
vt 0.532190024 0.940301001
vt 0.660057008 0.641411006
vt 0.363754987 0.364277005
vt 0.363754987 0.641411006
vt 0.532190024 0.364277005
vt 0.817354023 0.940301001
vt 0.817354023 0.641411006
vt 0.660057008 0.364277005
vt 0.363754987 0.127730965
vt 0.532190024 0.127730965
vt 0.660057008 0.127730965
vt 0.817354023 0.364277005
vt 0.950900971 0.641411006
vt 0.817354023 0.127730965
vt 0.950900971 0.364277005
vt 0.950900971 0.127730965
vt 0.532190024 0.641411006
vt 0.660057008 0.940301001
vt 0.532190024 0.940301001
vt 0.660057008 0.641411006
vt 0.363754987 0.364277005
vt 0.363754987 0.641411006
vt 0.532190024 0.364277005
vt 0.817354023 0.940301001
vt 0.817354023 0.641411006
vt 0.660057008 0.364277005
vt 0.363754987 0.127730965
vt 0.532190024 0.127730965
vt 0.660057008 0.127730965
vt 0.817354023 0.364277005
vt 0.950900971 0.641411006
vt 0.817354023 0.127730965
vt 0.950900971 0.364277005
vt 0.950900971 0.127730965
vt 0.532190024 0.641411006
vt 0.660057008 0.940301001
vt 0.532190024 0.940301001
vt 0.660057008 0.641411006
vt 0.363754987 0.364277005
vt 0.363754987 0.641411006
vt 0.532190024 0.364277005
vt 0.817354023 0.940301001
vt 0.817354023 0.641411006
vt 0.660057008 0.364277005
vt 0.363754987 0.127730965
vt 0.532190024 0.127730965
vt 0.660057008 0.127730965
vt 0.817354023 0.364277005
vt 0.950900971 0.641411006
vt 0.817354023 0.127730965
vt 0.950900971 0.364277005
vt 0.950900971 0.127730965
vt 0.532190024 0.641411006
vt 0.660057008 0.940301001
vt 0.532190024 0.940301001
vt 0.660057008 0.641411006
vt 0.363754987 0.364277005
vt 0.363754987 0.641411006
vt 0.532190024 0.364277005
vt 0.817354023 0.940301001
vt 0.817354023 0.641411006
vt 0.660057008 0.364277005
vt 0.363754987 0.127730965
vt 0.532190024 0.127730965
vt 0.660057008 0.127730965
vt 0.817354023 0.364277005
vt 0.950900971 0.641411006
vt 0.817354023 0.127730965
vt 0.950900971 0.364277005
vt 0.950900971 0.127730965
vt 0.532190024 0.641411006
vt 0.660057008 0.940301001
vt 0.532190024 0.940301001
vt 0.660057008 0.641411006
vt 0.363754987 0.364277005
vt 0.363754987 0.641411006
vt 0.532190024 0.364277005
vt 0.817354023 0.940301001
vt 0.817354023 0.641411006
vt 0.660057008 0.364277005
vt 0.363754987 0.127730965
vt 0.532190024 0.127730965
vt 0.660057008 0.127730965
vt 0.817354023 0.364277005
vt 0.950900971 0.641411006
vt 0.817354023 0.127730965
vt 0.950900971 0.364277005
vt 0.950900971 0.127730965
vt 0.532190024 0.641411006
vt 0.660057008 0.940301001
vt 0.532190024 0.940301001
vt 0.660057008 0.641411006
vt 0.363754987 0.364277005
vt 0.363754987 0.641411006
vt 0.532190024 0.364277005
vt 0.817354023 0.940301001
vt 0.817354023 0.641411006
vt 0.660057008 0.364277005
vt 0.363754987 0.127730965
vt 0.532190024 0.127730965
vt 0.660057008 0.127730965
vt 0.817354023 0.364277005
vt 0.950900971 0.641411006
vt 0.817354023 0.127730965
vt 0.950900971 0.364277005
vt 0.950900971 0.127730965
f 1/1 2/2 3/3
f 4/4 2/2 1/1
f 1/1 5/5 4/4
f 3/3 6/6 1/1
f 1/1 7/7 5/5
f 6/6 7/7 1/1
f 8/8 3/3 2/2
f 4/4 9/9 2/2
f 2/2 10/10 8/8
f 9/9 10/10 2/2
f 11/11 3/3 8/8
f 11/11 12/12 3/3
f 12/12 6/6 3/3
f 12/12 13/13 6/6
f 6/6 14/14 7/7
f 13/13 14/14 6/6
f 7/7 15/15 5/5
f 7/7 16/16 15/15
f 14/14 16/16 7/7
f 4/4 5/5 17/17
f 18/18 17/17 5/5
f 5/5 15/15 18/18
f 17/17 19/19 4/4
f 19/19 9/9 4/4
f 19/19 20/20 9/9
f 9/9 21/21 10/10
f 20/20 21/21 9/9
f 10/10 22/22 8/8
f 10/10 23/23 22/22
f 21/21 23/23 10/10
f 8/8 24/24 11/11
f 8/8 22/22 24/24
f 11/11 24/24 25/25
f 26/26 12/12 11/11
f 25/25 26/26 11/11
f 26/26 27/27 12/12
f 27/27 13/13 12/12
f 28/28 13/13 27/27
f 29/29 13/13 28/28
f 29/29 14/14 13/13
f 30/30 14/14 29/29
f 30/30 16/16 14/14
f 16/16 31/31 15/15
f 32/32 31/31 16/16
f 32/32 16/16 30/30
f 15/15 33/33 18/18
f 15/15 31/31 33/33
f 34/34 17/17 18/18
f 18/18 35/35 34/34
f 18/18 33/33 35/35
f 34/34 36/36 17/17
f 36/36 19/19 17/17
f 36/36 37/37 19/19
f 37/37 20/20 19/19
f 38/38 20/20 37/37
f 21/21 20/20 38/38
f 21/21 39/39 23/23
f 38/38 39/39 21/21
f 23/23 40/40 22/22
f 41/41 23/23 39/39
f 40/40 23/23 41/41
f 22/22 42/42 24/24
f 22/22 40/40 42/42
f 43/43 25/25 24/24
f 24/24 42/42 43/43
f 44/44 25/25 43/43
f 44/44 45/45 25/25
f 45/45 26/26 25/25
f 28/28 27/27 26/26
f 45/45 28/28 26/26
f 46/46 28/28 45/45
f 28/28 46/46 29/29
f 29/29 46/46 47/47
f 29/29 47/47 30/30
f 30/30 47/47 48/48
f 30/30 48/48 32/32
f 49/49 31/31 32/32
f 32/32 50/50 49/49
f 32/32 48/48 50/50
f 31/31 49/49 33/33
f 33/33 51/51 35/35
f 33/33 49/49 51/51
f 34/34 35/35 52/52
f 53/53 52/52 35/35
f 35/35 51/51 53/53
f 52/52 54/54 34/34
f 54/54 36/36 34/34
f 54/54 55/55 36/36
f 55/55 37/37 36/36
f 56/56 37/37 55/55
f 38/38 37/37 56/56
f 38/38 57/57 39/39
f 56/56 57/57 38/38
f 58/58 39/39 57/57
f 41/41 39/39 58/58
f 41/41 59/59 40/40
f 41/41 60/60 59/59
f 58/58 60/60 41/41
f 40/40 61/61 42/42
f 40/40 59/59 61/61
f 42/42 62/62 43/43
f 42/42 61/61 62/62
f 43/43 63/63 44/44
f 43/43 62/62 63/63
f 44/44 63/63 64/64
f 64/64 65/65 44/44
f 65/65 45/45 44/44
f 65/65 46/46 45/45
f 66/66 46/46 65/65
f 66/66 47/47 46/46
f 67/67 48/48 47/47
f 67/67 47/47 66/66
f 68/68 50/50 48/48
f 68/68 48/48 67/67
f 69/69 70/70 50/50
f 69/69 50/50 68/68
f 49/49 50/50 70/70
f 49/49 70/70 51/51
f 51/51 71/71 53/53
f 51/51 70/70 71/71
f 72/72 52/52 53/53
f 53/53 73/73 72/72
f 53/53 71/71 73/73
f 72/72 74/74 52/52
f 74/74 54/54 52/52
f 74/74 75/75 54/54
f 75/75 55/55 54/54
f 76/76 55/55 75/75
f 56/56 55/55 76/76
f 56/56 77/77 57/57
f 76/76 77/77 56/56
f 78/78 57/57 77/77
f 58/58 57/57 78/78
f 58/58 79/79 60/60
f 78/78 79/79 58/58
f 80/80 60/60 81/81
f 59/59 60/60 80/80
f 60/60 79/79 81/81
f 62/62 59/59 80/80
f 61/61 59/59 62/62
f 62/62 80/80 63/63
f 82/82 64/64 63/63
f 63/63 80/80 82/82
f 83/83 64/64 82/82
f 83/83 84/84 64/64
f 84/84 65/65 64/64
f 84/84 66/66 65/65
f 85/85 66/66 84/84
f 66/66 85/85 67/67
f 67/67 86/86 68/68
f 67/67 85/85 86/86
f 68/68 87/87 69/69
f 68/68 86/86 87/87
f 69/69 88/88 89/89
f 89/89 70/70 69/69
f 69/69 87/87 88/88
f 70/70 89/89 71/71
f 71/71 90/90 73/73
f 71/71 89/89 90/90
f 91/91 92/92 73/73
f 72/72 73/73 92/92
f 73/73 90/90 91/91
f 93/93 74/74 72/72
f 92/92 93/93 72/72
f 93/93 94/94 74/74
f 94/94 75/75 74/74
f 95/95 75/75 94/94
f 76/76 75/75 95/95
f 76/76 96/96 77/77
f 95/95 96/96 76/76
f 97/97 77/77 96/96
f 78/78 77/77 97/97
f 78/78 98/98 79/79
f 97/97 98/98 78/78
f 81/81 79/79 99/99
f 79/79 98/98 99/99
f 82/82 81/81 100/100
f 80/80 81/81 82/82
f 81/81 99/99 100/100
f 82/82 100/100 83/83
f 83/83 100/100 101/101
f 101/101 102/102 83/83
f 102/102 84/84 83/83
f 102/102 85/85 84/84
f 86/86 85/85 102/102
f 103/103 86/86 102/102
f 87/87 86/86 103/103
f 104/104 87/87 103/103
f 88/88 87/87 104/104
f 105/105 88/88 104/104
f 106/106 88/88 105/105
f 89/89 88/88 106/106
f 89/89 106/106 90/90
f 90/90 105/105 91/91
f 90/90 106/106 105/105
f 91/91 107/107 108/108
f 108/108 92/92 91/91
f 91/91 105/105 107/107
f 108/108 109/109 92/92
f 109/109 93/93 92/92
f 95/95 94/94 93/93
f 109/109 95/95 93/93
f 96/96 95/95 109/109
f 110/110 96/96 109/109
f 97/97 96/96 110/110
f 111/111 97/97 110/110
f 98/98 97/97 111/111
f 99/99 98/98 111/111
f 100/100 99/99 112/112
f 99/99 111/111 112/112
f 112/112 101/101 100/100
f 113/113 101/101 112/112
f 113/113 103/103 101/101
f 103/103 102/102 101/101
f 104/104 103/103 113/113
f 107/107 104/104 113/113
f 105/105 104/104 107/107
f 113/113 114/114 107/107
f 108/108 107/107 114/114
f 114/114 110/110 108/108
f 110/110 109/109 108/108
f 111/111 110/110 114/114
f 112/112 111/111 114/114
f 112/112 114/114 113/113
f 115/115 116/116 117/117
f 118/118 116/116 115/115
f 119/119 115/115 120/120
f 121/121 115/115 119/119
f 121/121 118/118 115/115
f 118/118 122/122 116/116
f 123/123 122/122 118/118
f 124/124 118/118 121/121
f 124/124 123/123 118/118
f 121/121 125/125 126/126
f 119/119 125/125 121/121
f 121/121 126/126 124/124
f 124/124 126/126 127/127
f 128/128 123/123 124/124
f 124/124 127/127 128/128
f 128/128 129/129 123/123
f 128/128 127/127 130/130
f 131/131 129/129 128/128
f 128/128 130/130 131/131
f 131/131 130/130 132/132
f 133/133 134/134 135/135
f 136/136 134/134 133/133
f 137/137 133/133 138/138
f 139/139 133/133 137/137
f 139/139 136/136 133/133
f 136/136 140/140 134/134
f 141/141 140/140 136/136
f 142/142 136/136 139/139
f 142/142 141/141 136/136
f 139/139 143/143 144/144
f 137/137 143/143 139/139
f 139/139 144/144 142/142
f 142/142 144/144 145/145
f 146/146 141/141 142/142
f 142/142 145/145 146/146
f 146/146 147/147 141/141
f 146/146 145/145 148/148
f 149/149 147/147 146/146
f 146/146 148/148 149/149
f 149/149 148/148 150/150
f 151/151 152/152 153/153
f 154/154 152/152 151/151
f 155/155 151/151 156/156
f 157/157 151/151 155/155
f 157/157 154/154 151/151
f 154/154 158/158 152/152
f 159/159 158/158 154/154
f 160/160 154/154 157/157
f 160/160 159/159 154/154
f 157/157 161/161 162/162
f 155/155 161/161 157/157
f 157/157 162/162 160/160
f 160/160 162/162 163/163
f 164/164 159/159 160/160
f 160/160 163/163 164/164
f 164/164 165/165 159/159
f 164/164 163/163 166/166
f 167/167 165/165 164/164
f 164/164 166/166 167/167
f 167/167 166/166 168/168
f 169/169 170/170 171/171
f 172/172 170/170 169/169
f 173/173 169/169 174/174
f 175/175 169/169 173/173
f 175/175 172/172 169/169
f 172/172 176/176 170/170
f 177/177 176/176 172/172
f 178/178 172/172 175/175
f 178/178 177/177 172/172
f 175/175 179/179 180/180
f 173/173 179/179 175/175
f 175/175 180/180 178/178
f 178/178 180/180 181/181
f 182/182 177/177 178/178
f 178/178 181/181 182/182
f 182/182 183/183 177/177
f 182/182 181/181 184/184
f 185/185 183/183 182/182
f 182/182 184/184 185/185
f 185/185 184/184 186/186
f 187/187 188/188 189/189
f 190/190 188/188 187/187
f 191/191 187/187 192/192
f 193/193 187/187 191/191
f 193/193 190/190 187/187
f 190/190 194/194 188/188
f 195/195 194/194 190/190
f 196/196 190/190 193/193
f 196/196 195/195 190/190
f 193/193 197/197 198/198
f 191/191 197/197 193/193
f 193/193 198/198 196/196
f 196/196 198/198 199/199
f 200/200 195/195 196/196
f 196/196 199/199 200/200
f 200/200 201/201 195/195
f 200/200 199/199 202/202
f 203/203 201/201 200/200
f 200/200 202/202 203/203
f 203/203 202/202 204/204
f 205/205 206/206 207/207
f 208/208 206/206 205/205
f 209/209 205/205 210/210
f 211/211 205/205 209/209
f 211/211 208/208 205/205
f 208/208 212/212 206/206
f 213/213 212/212 208/208
f 214/214 208/208 211/211
f 214/214 213/213 208/208
f 211/211 215/215 216/216
f 209/209 215/215 211/211
f 211/211 216/216 214/214
f 214/214 216/216 217/217
f 218/218 213/213 214/214
f 214/214 217/217 218/218
f 218/218 219/219 213/213
f 218/218 217/217 220/220
f 221/221 219/219 218/218
f 218/218 220/220 221/221
f 221/221 220/220 222/222
f 223/223 224/224 225/225
f 226/226 224/224 223/223
f 227/227 223/223 228/228
f 229/229 223/223 227/227
f 229/229 226/226 223/223
f 226/226 230/230 224/224
f 231/231 230/230 226/226
f 232/232 226/226 229/229
f 232/232 231/231 226/226
f 229/229 233/233 234/234
f 227/227 233/233 229/229
f 229/229 234/234 232/232
f 232/232 234/234 235/235
f 236/236 231/231 232/232
f 232/232 235/235 236/236
f 236/236 237/237 231/231
f 236/236 235/235 238/238
f 239/239 237/237 236/236
f 236/236 238/238 239/239
f 239/239 238/238 240/240
f 241/241 242/242 243/243
f 244/244 242/242 241/241
f 245/245 241/241 246/246
f 247/247 241/241 245/245
f 247/247 244/244 241/241
f 244/244 248/248 242/242
f 249/249 248/248 244/244
f 250/250 244/244 247/247
f 250/250 249/249 244/244
f 247/247 251/251 252/252
f 245/245 251/251 247/247
f 247/247 252/252 250/250
f 250/250 252/252 253/253
f 254/254 249/249 250/250
f 250/250 253/253 254/254
f 254/254 255/255 249/249
f 254/254 253/253 256/256
f 257/257 255/255 254/254
f 254/254 256/256 257/257
f 257/257 256/256 258/258
f 259/259 260/260 261/261
f 262/262 260/260 259/259
f 263/263 259/259 264/264
f 265/265 259/259 263/263
f 265/265 262/262 259/259
f 262/262 266/266 260/260
f 267/267 266/266 262/262
f 268/268 262/262 265/265
f 268/268 267/267 262/262
f 265/265 269/269 270/270
f 263/263 269/269 265/265
f 265/265 270/270 268/268
f 268/268 270/270 271/271
f 272/272 267/267 268/268
f 268/268 271/271 272/272
f 272/272 273/273 267/267
f 272/272 271/271 274/274
f 275/275 273/273 272/272
f 272/272 274/274 275/275
f 275/275 274/274 276/276
f 277/277 278/278 279/279
f 280/280 278/278 277/277
f 281/281 277/277 282/282
f 283/283 277/277 281/281
f 283/283 280/280 277/277
f 280/280 284/284 278/278
f 285/285 284/284 280/280
f 286/286 280/280 283/283
f 286/286 285/285 280/280
f 283/283 287/287 288/288
f 281/281 287/287 283/283
f 283/283 288/288 286/286
f 286/286 288/288 289/289
f 290/290 285/285 286/286
f 286/286 289/289 290/290
f 290/290 291/291 285/285
f 290/290 289/289 292/292
f 293/293 291/291 290/290
f 290/290 292/292 293/293
f 293/293 292/292 294/294
f 295/295 296/296 297/297
f 298/298 296/296 295/295
f 299/299 295/295 300/300
f 301/301 295/295 299/299
f 301/301 298/298 295/295
f 298/298 302/302 296/296
f 303/303 302/302 298/298
f 304/304 298/298 301/301
f 304/304 303/303 298/298
f 301/301 305/305 306/306
f 299/299 305/305 301/301
f 301/301 306/306 304/304
f 304/304 306/306 307/307
f 308/308 303/303 304/304
f 304/304 307/307 308/308
f 308/308 309/309 303/303
f 308/308 307/307 310/310
f 311/311 309/309 308/308
f 308/308 310/310 311/311
f 311/311 310/310 312/312
f 313/313 314/314 315/315
f 316/316 314/314 313/313
f 317/317 313/313 318/318
f 319/319 313/313 317/317
f 319/319 316/316 313/313
f 316/316 320/320 314/314
f 321/321 320/320 316/316
f 322/322 316/316 319/319
f 322/322 321/321 316/316
f 319/319 323/323 324/324
f 317/317 323/323 319/319
f 319/319 324/324 322/322
f 322/322 324/324 325/325
f 326/326 321/321 322/322
f 322/322 325/325 326/326
f 326/326 327/327 321/321
f 326/326 325/325 328/328
f 329/329 327/327 326/326
f 326/326 328/328 329/329
f 329/329 328/328 330/330
f 331/331 332/332 333/333
f 334/334 332/332 331/331
f 335/335 331/331 336/336
f 337/337 331/331 335/335
f 337/337 334/334 331/331
f 334/334 338/338 332/332
f 339/339 338/338 334/334
f 340/340 334/334 337/337
f 340/340 339/339 334/334
f 337/337 341/341 342/342
f 335/335 341/341 337/337
f 337/337 342/342 340/340
f 340/340 342/342 343/343
f 344/344 339/339 340/340
f 340/340 343/343 344/344
f 344/344 345/345 339/339
f 344/344 343/343 346/346
f 347/347 345/345 344/344
f 344/344 346/346 347/347
f 347/347 346/346 348/348
f 349/349 350/350 351/351
f 352/352 350/350 349/349
f 353/353 349/349 354/354
f 355/355 349/349 353/353
f 355/355 352/352 349/349
f 352/352 356/356 350/350
f 357/357 356/356 352/352
f 358/358 352/352 355/355
f 358/358 357/357 352/352
f 355/355 359/359 360/360
f 353/353 359/359 355/355
f 355/355 360/360 358/358
f 358/358 360/360 361/361
f 362/362 357/357 358/358
f 358/358 361/361 362/362
f 362/362 363/363 357/357
f 362/362 361/361 364/364
f 365/365 363/363 362/362
f 362/362 364/364 365/365
f 365/365 364/364 366/366
f 367/367 368/368 369/369
f 370/370 368/368 367/367
f 371/371 367/367 372/372
f 373/373 367/367 371/371
f 373/373 370/370 367/367
f 370/370 374/374 368/368
f 375/375 374/374 370/370
f 376/376 370/370 373/373
f 376/376 375/375 370/370
f 373/373 377/377 378/378
f 371/371 377/377 373/373
f 373/373 378/378 376/376
f 376/376 378/378 379/379
f 380/380 375/375 376/376
f 376/376 379/379 380/380
f 380/380 381/381 375/375
f 380/380 379/379 382/382
f 383/383 381/381 380/380
f 380/380 382/382 383/383
f 383/383 382/382 384/384
f 385/385 386/386 387/387
f 388/388 386/386 385/385
f 389/389 385/385 390/390
f 391/391 385/385 389/389
f 391/391 388/388 385/385
f 388/388 392/392 386/386
f 393/393 392/392 388/388
f 394/394 388/388 391/391
f 394/394 393/393 388/388
f 391/391 395/395 396/396
f 389/389 395/395 391/391
f 391/391 396/396 394/394
f 394/394 396/396 397/397
f 398/398 393/393 394/394
f 394/394 397/397 398/398
f 398/398 399/399 393/393
f 398/398 397/397 400/400
f 401/401 399/399 398/398
f 398/398 400/400 401/401
f 401/401 400/400 402/402
f 403/403 404/404 405/405
f 406/406 404/404 403/403
f 407/407 403/403 408/408
f 409/409 403/403 407/407
f 409/409 406/406 403/403
f 406/406 410/410 404/404
f 411/411 410/410 406/406
f 412/412 406/406 409/409
f 412/412 411/411 406/406
f 409/409 413/413 414/414
f 407/407 413/413 409/409
f 409/409 414/414 412/412
f 412/412 414/414 415/415
f 416/416 411/411 412/412
f 412/412 415/415 416/416
f 416/416 417/417 411/411
f 416/416 415/415 418/418
f 419/419 417/417 416/416
f 416/416 418/418 419/419
f 419/419 418/418 420/420
f 421/421 422/422 423/423
f 424/424 422/422 421/421
f 425/425 421/421 426/426
f 427/427 421/421 425/425
f 427/427 424/424 421/421
f 424/424 428/428 422/422
f 429/429 428/428 424/424
f 430/430 424/424 427/427
f 430/430 429/429 424/424
f 427/427 431/431 432/432
f 425/425 431/431 427/427
f 427/427 432/432 430/430
f 430/430 432/432 433/433
f 434/434 429/429 430/430
f 430/430 433/433 434/434
f 434/434 435/435 429/429
f 434/434 433/433 436/436
f 437/437 435/435 434/434
f 434/434 436/436 437/437
f 437/437 436/436 438/438
f 439/439 440/440 441/441
f 442/442 440/440 439/439
f 443/443 439/439 444/444
f 445/445 439/439 443/443
f 445/445 442/442 439/439
f 442/442 446/446 440/440
f 447/447 446/446 442/442
f 448/448 442/442 445/445
f 448/448 447/447 442/442
f 445/445 449/449 450/450
f 443/443 449/449 445/445
f 445/445 450/450 448/448
f 448/448 450/450 451/451
f 452/452 447/447 448/448
f 448/448 451/451 452/452
f 452/452 453/453 447/447
f 452/452 451/451 454/454
f 455/455 453/453 452/452
f 452/452 454/454 455/455
f 455/455 454/454 456/456
f 457/457 458/458 459/459
f 460/460 458/458 457/457
f 461/461 457/457 462/462
f 463/463 457/457 461/461
f 463/463 460/460 457/457
f 460/460 464/464 458/458
f 465/465 464/464 460/460
f 466/466 460/460 463/463
f 466/466 465/465 460/460
f 463/463 467/467 468/468
f 461/461 467/467 463/463
f 463/463 468/468 466/466
f 466/466 468/468 469/469
f 470/470 465/465 466/466
f 466/466 469/469 470/470
f 470/470 471/471 465/465
f 470/470 469/469 472/472
f 473/473 471/471 470/470
f 470/470 472/472 473/473
f 473/473 472/472 474/474
f 475/475 476/476 477/477
f 478/478 476/476 475/475
f 479/479 475/475 480/480
f 481/481 475/475 479/479
f 481/481 478/478 475/475
f 478/478 482/482 476/476
f 483/483 482/482 478/478
f 484/484 478/478 481/481
f 484/484 483/483 478/478
f 481/481 485/485 486/486
f 479/479 485/485 481/481
f 481/481 486/486 484/484
f 484/484 486/486 487/487
f 488/488 483/483 484/484
f 484/484 487/487 488/488
f 488/488 489/489 483/483
f 488/488 487/487 490/490
f 491/491 489/489 488/488
f 488/488 490/490 491/491
f 491/491 490/490 492/492
f 493/493 494/494 495/495
f 496/496 494/494 493/493
f 497/497 493/493 498/498
f 499/499 493/493 497/497
f 499/499 496/496 493/493
f 496/496 500/500 494/494
f 501/501 500/500 496/496
f 502/502 496/496 499/499
f 502/502 501/501 496/496
f 499/499 503/503 504/504
f 497/497 503/503 499/499
f 499/499 504/504 502/502
f 502/502 504/504 505/505
f 506/506 501/501 502/502
f 502/502 505/505 506/506
f 506/506 507/507 501/501
f 506/506 505/505 508/508
f 509/509 507/507 506/506
f 506/506 508/508 509/509
f 509/509 508/508 510/510
f 511/511 512/512 513/513
f 514/514 512/512 511/511
f 515/515 511/511 516/516
f 517/517 511/511 515/515
f 517/517 514/514 511/511
f 514/514 518/518 512/512
f 519/519 518/518 514/514
f 520/520 514/514 517/517
f 520/520 519/519 514/514
f 517/517 521/521 522/522
f 515/515 521/521 517/517
f 517/517 522/522 520/520
f 520/520 522/522 523/523
f 524/524 519/519 520/520
f 520/520 523/523 524/524
f 524/524 525/525 519/519
f 524/524 523/523 526/526
f 527/527 525/525 524/524
f 524/524 526/526 527/527
f 527/527 526/526 528/528
f 529/529 530/530 531/531
f 532/532 530/530 529/529
f 533/533 529/529 534/534
f 535/535 529/529 533/533
f 535/535 532/532 529/529
f 532/532 536/536 530/530
f 537/537 536/536 532/532
f 538/538 532/532 535/535
f 538/538 537/537 532/532
f 535/535 539/539 540/540
f 533/533 539/539 535/535
f 535/535 540/540 538/538
f 538/538 540/540 541/541
f 542/542 537/537 538/538
f 538/538 541/541 542/542
f 542/542 543/543 537/537
f 542/542 541/541 544/544
f 545/545 543/543 542/542
f 542/542 544/544 545/545
f 545/545 544/544 546/546
f 547/547 548/548 549/549
f 550/550 548/548 547/547
f 551/551 547/547 552/552
f 553/553 547/547 551/551
f 553/553 550/550 547/547
f 550/550 554/554 548/548
f 555/555 554/554 550/550
f 556/556 550/550 553/553
f 556/556 555/555 550/550
f 553/553 557/557 558/558
f 551/551 557/557 553/553
f 553/553 558/558 556/556
f 556/556 558/558 559/559
f 560/560 555/555 556/556
f 556/556 559/559 560/560
f 560/560 561/561 555/555
f 560/560 559/559 562/562
f 563/563 561/561 560/560
f 560/560 562/562 563/563
f 563/563 562/562 564/564
f 565/565 566/566 567/567
f 568/568 566/566 565/565
f 569/569 565/565 570/570
f 571/571 565/565 569/569
f 571/571 568/568 565/565
f 568/568 572/572 566/566
f 573/573 572/572 568/568
f 574/574 568/568 571/571
f 574/574 573/573 568/568
f 571/571 575/575 576/576
f 569/569 575/575 571/571
f 571/571 576/576 574/574
f 574/574 576/576 577/577
f 578/578 573/573 574/574
f 574/574 577/577 578/578
f 578/578 579/579 573/573
f 578/578 577/577 580/580
f 581/581 579/579 578/578
f 578/578 580/580 581/581
f 581/581 580/580 582/582
f 583/583 584/584 585/585
f 586/586 584/584 583/583
f 587/587 583/583 588/588
f 589/589 583/583 587/587
f 589/589 586/586 583/583
f 586/586 590/590 584/584
f 591/591 590/590 586/586
f 592/592 586/586 589/589
f 592/592 591/591 586/586
f 589/589 593/593 594/594
f 587/587 593/593 589/589
f 589/589 594/594 592/592
f 592/592 594/594 595/595
f 596/596 591/591 592/592
f 592/592 595/595 596/596
f 596/596 597/597 591/591
f 596/596 595/595 598/598
f 599/599 597/597 596/596
f 596/596 598/598 599/599
f 599/599 598/598 600/600
f 601/601 602/602 603/603
f 604/604 602/602 601/601
f 605/605 601/601 606/606
f 607/607 601/601 605/605
f 607/607 604/604 601/601
f 604/604 608/608 602/602
f 609/609 608/608 604/604
f 610/610 604/604 607/607
f 610/610 609/609 604/604
f 607/607 611/611 612/612
f 605/605 611/611 607/607
f 607/607 612/612 610/610
f 610/610 612/612 613/613
f 614/614 609/609 610/610
f 610/610 613/613 614/614
f 614/614 615/615 609/609
f 614/614 613/613 616/616
f 617/617 615/615 614/614
f 614/614 616/616 617/617
f 617/617 616/616 618/618
f 619/619 620/620 621/621
f 622/622 620/620 619/619
f 623/623 619/619 624/624
f 625/625 619/619 623/623
f 625/625 622/622 619/619
f 622/622 626/626 620/620
f 627/627 626/626 622/622
f 628/628 622/622 625/625
f 628/628 627/627 622/622
f 625/625 629/629 630/630
f 623/623 629/629 625/625
f 625/625 630/630 628/628
f 628/628 630/630 631/631
f 632/632 627/627 628/628
f 628/628 631/631 632/632
f 632/632 633/633 627/627
f 632/632 631/631 634/634
f 635/635 633/633 632/632
f 632/632 634/634 635/635
f 635/635 634/634 636/636
f 637/637 638/638 639/639
f 640/640 638/638 637/637
f 641/641 637/637 642/642
f 643/643 637/637 641/641
f 643/643 640/640 637/637
f 640/640 644/644 638/638
f 645/645 644/644 640/640
f 646/646 640/640 643/643
f 646/646 645/645 640/640
f 643/643 647/647 648/648
f 641/641 647/647 643/643
f 643/643 648/648 646/646
f 646/646 648/648 649/649
f 650/650 645/645 646/646
f 646/646 649/649 650/650
f 650/650 651/651 645/645
f 650/650 649/649 652/652
f 653/653 651/651 650/650
f 650/650 652/652 653/653
f 653/653 652/652 654/654
f 655/655 656/656 657/657
f 658/658 656/656 655/655
f 659/659 655/655 660/660
f 661/661 655/655 659/659
f 661/661 658/658 655/655
f 658/658 662/662 656/656
f 663/663 662/662 658/658
f 664/664 658/658 661/661
f 664/664 663/663 658/658
f 661/661 665/665 666/666
f 659/659 665/665 661/661
f 661/661 666/666 664/664
f 664/664 666/666 667/667
f 668/668 663/663 664/664
f 664/664 667/667 668/668
f 668/668 669/669 663/663
f 668/668 667/667 670/670
f 671/671 669/669 668/668
f 668/668 670/670 671/671
f 671/671 670/670 672/672
f 673/673 674/674 675/675
f 676/676 674/674 673/673
f 677/677 673/673 678/678
f 679/679 673/673 677/677
f 679/679 676/676 673/673
f 676/676 680/680 674/674
f 681/681 680/680 676/676
f 682/682 676/676 679/679
f 682/682 681/681 676/676
f 679/679 683/683 684/684
f 677/677 683/683 679/679
f 679/679 684/684 682/682
f 682/682 684/684 685/685
f 686/686 681/681 682/682
f 682/682 685/685 686/686
f 686/686 687/687 681/681
f 686/686 685/685 688/688
f 689/689 687/687 686/686
f 686/686 688/688 689/689
f 689/689 688/688 690/690
f 691/691 692/692 693/693
f 694/694 692/692 691/691
f 695/695 691/691 696/696
f 697/697 691/691 695/695
f 697/697 694/694 691/691
f 694/694 698/698 692/692
f 699/699 698/698 694/694
f 700/700 694/694 697/697
f 700/700 699/699 694/694
f 697/697 701/701 702/702
f 695/695 701/701 697/697
f 697/697 702/702 700/700
f 700/700 702/702 703/703
f 704/704 699/699 700/700
f 700/700 703/703 704/704
f 704/704 705/705 699/699
f 704/704 703/703 706/706
f 707/707 705/705 704/704
f 704/704 706/706 707/707
f 707/707 706/706 708/708
f 709/709 710/710 711/711
f 712/712 710/710 709/709
f 713/713 709/709 714/714
f 715/715 709/709 713/713
f 715/715 712/712 709/709
f 712/712 716/716 710/710
f 717/717 716/716 712/712
f 718/718 712/712 715/715
f 718/718 717/717 712/712
f 715/715 719/719 720/720
f 713/713 719/719 715/715
f 715/715 720/720 718/718
f 718/718 720/720 721/721
f 722/722 717/717 718/718
f 718/718 721/721 722/722
f 722/722 723/723 717/717
f 722/722 721/721 724/724
f 725/725 723/723 722/722
f 722/722 724/724 725/725
f 725/725 724/724 726/726
f 727/727 728/728 729/729
f 730/730 728/728 727/727
f 731/731 727/727 732/732
f 733/733 727/727 731/731
f 733/733 730/730 727/727
f 730/730 734/734 728/728
f 735/735 734/734 730/730
f 736/736 730/730 733/733
f 736/736 735/735 730/730
f 733/733 737/737 738/738
f 731/731 737/737 733/733
f 733/733 738/738 736/736
f 736/736 738/738 739/739
f 740/740 735/735 736/736
f 736/736 739/739 740/740
f 740/740 741/741 735/735
f 740/740 739/739 742/742
f 743/743 741/741 740/740
f 740/740 742/742 743/743
f 743/743 742/742 744/744
f 745/745 746/746 747/747
f 748/748 746/746 745/745
f 749/749 745/745 750/750
f 751/751 745/745 749/749
f 751/751 748/748 745/745
f 748/748 752/752 746/746
f 753/753 752/752 748/748
f 754/754 748/748 751/751
f 754/754 753/753 748/748
f 751/751 755/755 756/756
f 749/749 755/755 751/751
f 751/751 756/756 754/754
f 754/754 756/756 757/757
f 758/758 753/753 754/754
f 754/754 757/757 758/758
f 758/758 759/759 753/753
f 758/758 757/757 760/760
f 761/761 759/759 758/758
f 758/758 760/760 761/761
f 761/761 760/760 762/762
f 763/763 764/764 765/765
f 766/766 764/764 763/763
f 767/767 763/763 768/768
f 769/769 763/763 767/767
f 769/769 766/766 763/763
f 766/766 770/770 764/764
f 771/771 770/770 766/766
f 772/772 766/766 769/769
f 772/772 771/771 766/766
f 769/769 773/773 774/774
f 767/767 773/773 769/769
f 769/769 774/774 772/772
f 772/772 774/774 775/775
f 776/776 771/771 772/772
f 772/772 775/775 776/776
f 776/776 777/777 771/771
f 776/776 775/775 778/778
f 779/779 777/777 776/776
f 776/776 778/778 779/779
f 779/779 778/778 780/780
f 781/781 782/782 783/783
f 784/784 782/782 781/781
f 785/785 781/781 786/786
f 787/787 781/781 785/785
f 787/787 784/784 781/781
f 784/784 788/788 782/782
f 789/789 788/788 784/784
f 790/790 784/784 787/787
f 790/790 789/789 784/784
f 787/787 791/791 792/792
f 785/785 791/791 787/787
f 787/787 792/792 790/790
f 790/790 792/792 793/793
f 794/794 789/789 790/790
f 790/790 793/793 794/794
f 794/794 795/795 789/789
f 794/794 793/793 796/796
f 797/797 795/795 794/794
f 794/794 796/796 797/797
f 797/797 796/796 798/798
f 799/799 800/800 801/801
f 802/802 800/800 799/799
f 803/803 799/799 804/804
f 805/805 799/799 803/803
f 805/805 802/802 799/799
f 802/802 806/806 800/800
f 807/807 806/806 802/802
f 808/808 802/802 805/805
f 808/808 807/807 802/802
f 805/805 809/809 810/810
f 803/803 809/809 805/805
f 805/805 810/810 808/808
f 808/808 810/810 811/811
f 812/812 807/807 808/808
f 808/808 811/811 812/812
f 812/812 813/813 807/807
f 812/812 811/811 814/814
f 815/815 813/813 812/812
f 812/812 814/814 815/815
f 815/815 814/814 816/816
f 817/817 818/818 819/819
f 820/820 818/818 817/817
f 821/821 817/817 822/822
f 823/823 817/817 821/821
f 823/823 820/820 817/817
f 820/820 824/824 818/818
f 825/825 824/824 820/820
f 826/826 820/820 823/823
f 826/826 825/825 820/820
f 823/823 827/827 828/828
f 821/821 827/827 823/823
f 823/823 828/828 826/826
f 826/826 828/828 829/829
f 830/830 825/825 826/826
f 826/826 829/829 830/830
f 830/830 831/831 825/825
f 830/830 829/829 832/832
f 833/833 831/831 830/830
f 830/830 832/832 833/833
f 833/833 832/832 834/834
f 835/835 836/836 837/837
f 838/838 836/836 835/835
f 839/839 835/835 840/840
f 841/841 835/835 839/839
f 841/841 838/838 835/835
f 838/838 842/842 836/836
f 843/843 842/842 838/838
f 844/844 838/838 841/841
f 844/844 843/843 838/838
f 841/841 845/845 846/846
f 839/839 845/845 841/841
f 841/841 846/846 844/844
f 844/844 846/846 847/847
f 848/848 843/843 844/844
f 844/844 847/847 848/848
f 848/848 849/849 843/843
f 848/848 847/847 850/850
f 851/851 849/849 848/848
f 848/848 850/850 851/851
f 851/851 850/850 852/852
f 853/853 854/854 855/855
f 856/856 854/854 853/853
f 857/857 853/853 858/858
f 859/859 853/853 857/857
f 859/859 856/856 853/853
f 856/856 860/860 854/854
f 861/861 860/860 856/856
f 862/862 856/856 859/859
f 862/862 861/861 856/856
f 859/859 863/863 864/864
f 857/857 863/863 859/859
f 859/859 864/864 862/862
f 862/862 864/864 865/865
f 866/866 861/861 862/862
f 862/862 865/865 866/866
f 866/866 867/867 861/861
f 866/866 865/865 868/868
f 869/869 867/867 866/866
f 866/866 868/868 869/869
f 869/869 868/868 870/870
f 871/871 872/872 873/873
f 874/874 872/872 871/871
f 875/875 871/871 876/876
f 877/877 871/871 875/875
f 877/877 874/874 871/871
f 874/874 878/878 872/872
f 879/879 878/878 874/874
f 880/880 874/874 877/877
f 880/880 879/879 874/874
f 877/877 881/881 882/882
f 875/875 881/881 877/877
f 877/877 882/882 880/880
f 880/880 882/882 883/883
f 884/884 879/879 880/880
f 880/880 883/883 884/884
f 884/884 885/885 879/879
f 884/884 883/883 886/886
f 887/887 885/885 884/884
f 884/884 886/886 887/887
f 887/887 886/886 888/888
f 889/889 890/890 891/891
f 892/892 890/890 889/889
f 893/893 889/889 894/894
f 895/895 889/889 893/893
f 895/895 892/892 889/889
f 892/892 896/896 890/890
f 897/897 896/896 892/892
f 898/898 892/892 895/895
f 898/898 897/897 892/892
f 895/895 899/899 900/900
f 893/893 899/899 895/895
f 895/895 900/900 898/898
f 898/898 900/900 901/901
f 902/902 897/897 898/898
f 898/898 901/901 902/902
f 902/902 903/903 897/897
f 902/902 901/901 904/904
f 905/905 903/903 902/902
f 902/902 904/904 905/905
f 905/905 904/904 906/906
f 907/907 908/908 909/909
f 910/910 908/908 907/907
f 911/911 907/907 912/912
f 913/913 907/907 911/911
f 913/913 910/910 907/907
f 910/910 914/914 908/908
f 915/915 914/914 910/910
f 916/916 910/910 913/913
f 916/916 915/915 910/910
f 913/913 917/917 918/918
f 911/911 917/917 913/913
f 913/913 918/918 916/916
f 916/916 918/918 919/919
f 920/920 915/915 916/916
f 916/916 919/919 920/920
f 920/920 921/921 915/915
f 920/920 919/919 922/922
f 923/923 921/921 920/920
f 920/920 922/922 923/923
f 923/923 922/922 924/924
f 925/925 926/926 927/927
f 928/928 926/926 925/925
f 929/929 925/925 930/930
f 931/931 925/925 929/929
f 931/931 928/928 925/925
f 928/928 932/932 926/926
f 933/933 932/932 928/928
f 934/934 928/928 931/931
f 934/934 933/933 928/928
f 931/931 935/935 936/936
f 929/929 935/935 931/931
f 931/931 936/936 934/934
f 934/934 936/936 937/937
f 938/938 933/933 934/934
f 934/934 937/937 938/938
f 938/938 939/939 933/933
f 938/938 937/937 940/940
f 941/941 939/939 938/938
f 938/938 940/940 941/941
f 941/941 940/940 942/942
f 943/943 944/944 945/945
f 946/946 944/944 943/943
f 947/947 943/943 948/948
f 949/949 943/943 947/947
f 949/949 946/946 943/943
f 946/946 950/950 944/944
f 951/951 950/950 946/946
f 952/952 946/946 949/949
f 952/952 951/951 946/946
f 949/949 953/953 954/954
f 947/947 953/953 949/949
f 949/949 954/954 952/952
f 952/952 954/954 955/955
f 956/956 951/951 952/952
f 952/952 955/955 956/956
f 956/956 957/957 951/951
f 956/956 955/955 958/958
f 959/959 957/957 956/956
f 956/956 958/958 959/959
f 959/959 958/958 960/960
f 961/961 962/962 963/963
f 964/964 962/962 961/961
f 965/965 961/961 966/966
f 967/967 961/961 965/965
f 967/967 964/964 961/961
f 964/964 968/968 962/962
f 969/969 968/968 964/964
f 970/970 964/964 967/967
f 970/970 969/969 964/964
f 967/967 971/971 972/972
f 965/965 971/971 967/967
f 967/967 972/972 970/970
f 970/970 972/972 973/973
f 974/974 969/969 970/970
f 970/970 973/973 974/974
f 974/974 975/975 969/969
f 974/974 973/973 976/976
f 977/977 975/975 974/974
f 974/974 976/976 977/977
f 977/977 976/976 978/978
f 979/979 980/980 981/981
f 982/982 980/980 979/979
f 983/983 979/979 984/984
f 985/985 979/979 983/983
f 985/985 982/982 979/979
f 982/982 986/986 980/980
f 987/987 986/986 982/982
f 988/988 982/982 985/985
f 988/988 987/987 982/982
f 985/985 989/989 990/990
f 983/983 989/989 985/985
f 985/985 990/990 988/988
f 988/988 990/990 991/991
f 992/992 987/987 988/988
f 988/988 991/991 992/992
f 992/992 993/993 987/987
f 992/992 991/991 994/994
f 995/995 993/993 992/992
f 992/992 994/994 995/995
f 995/995 994/994 996/996
f 997/997 998/998 999/999
f 1000/1000 998/998 997/997
f 1001/1001 997/997 1002/1002
f 1003/1003 997/997 1001/1001
f 1003/1003 1000/1000 997/997
f 1000/1000 1004/1004 998/998
f 1005/1005 1004/1004 1000/1000
f 1006/1006 1000/1000 1003/1003
f 1006/1006 1005/1005 1000/1000
f 1003/1003 1007/1007 1008/1008
f 1001/1001 1007/1007 1003/1003
f 1003/1003 1008/1008 1006/1006
f 1006/1006 1008/1008 1009/1009
f 1010/1010 1005/1005 1006/1006
f 1006/1006 1009/1009 1010/1010
f 1010/1010 1011/1011 1005/1005
f 1010/1010 1009/1009 1012/1012
f 1013/1013 1011/1011 1010/1010
f 1010/1010 1012/1012 1013/1013
f 1013/1013 1012/1012 1014/1014
f 1015/1015 1016/1016 1017/1017
f 1018/1018 1016/1016 1015/1015
f 1019/1019 1015/1015 1020/1020
f 1021/1021 1015/1015 1019/1019
f 1021/1021 1018/1018 1015/1015
f 1018/1018 1022/1022 1016/1016
f 1023/1023 1022/1022 1018/1018
f 1024/1024 1018/1018 1021/1021
f 1024/1024 1023/1023 1018/1018
f 1021/1021 1025/1025 1026/1026
f 1019/1019 1025/1025 1021/1021
f 1021/1021 1026/1026 1024/1024
f 1024/1024 1026/1026 1027/1027
f 1028/1028 1023/1023 1024/1024
f 1024/1024 1027/1027 1028/1028
f 1028/1028 1029/1029 1023/1023
f 1028/1028 1027/1027 1030/1030
f 1031/1031 1029/1029 1028/1028
f 1028/1028 1030/1030 1031/1031
f 1031/1031 1030/1030 1032/1032
f 1033/1033 1034/1034 1035/1035
f 1036/1036 1034/1034 1033/1033
f 1037/1037 1033/1033 1038/1038
f 1039/1039 1033/1033 1037/1037
f 1039/1039 1036/1036 1033/1033
f 1036/1036 1040/1040 1034/1034
f 1041/1041 1040/1040 1036/1036
f 1042/1042 1036/1036 1039/1039
f 1042/1042 1041/1041 1036/1036
f 1039/1039 1043/1043 1044/1044
f 1037/1037 1043/1043 1039/1039
f 1039/1039 1044/1044 1042/1042
f 1042/1042 1044/1044 1045/1045
f 1046/1046 1041/1041 1042/1042
f 1042/1042 1045/1045 1046/1046
f 1046/1046 1047/1047 1041/1041
f 1046/1046 1045/1045 1048/1048
f 1049/1049 1047/1047 1046/1046
f 1046/1046 1048/1048 1049/1049
f 1049/1049 1048/1048 1050/1050
